{
    "accuracy": 0.9660731472569779,
    "macro_f1": 0.6298155188382905
}