{
    "accuracy": 0.8709677419354839,
    "macro_f1": 0.6672201832207522
}