{
    "accuracy": 0.841692789968652,
    "macro_f1": 0.6464096412975965
}