{
    "accuracy": 0.7382075471698113,
    "macro_f1": 0.4505980430202905
}