{
    "accuracy": 0.9825109306683323,
    "macro_f1": 0.8963692293782339
}