{
    "accuracy": 0.6619841966637401,
    "macro_f1": 0.44002772796074685
}