{
    "accuracy": 0.8337236533957846,
    "macro_f1": 0.5998842839851155
}