{
    "accuracy": 0.60625,
    "macro_f1": 0.5150795774019891
}