{
    "accuracy": 0.6839332748024582,
    "macro_f1": 0.5200017181634858
}