{
    "accuracy": 0.9683768957728299,
    "macro_f1": 0.8018283611306867
}