{
    "accuracy": 0.8799126637554585,
    "macro_f1": 0.768815304704681
}