{
    "accuracy": 0.9180327868852459,
    "macro_f1": 0.7657927115185968
}