{
    "accuracy": 0.8992974238875878,
    "macro_f1": 0.7186282239408549
}