{
    "accuracy": 0.8463949843260188,
    "macro_f1": 0.6536001207702867
}