{
    "accuracy": 0.7665094339622641,
    "macro_f1": 0.4520608243830075
}