{
    "accuracy": 0.8548387096774194,
    "macro_f1": 0.7166038705152907
}