{
    "accuracy": 0.8551724137931035,
    "macro_f1": 0.7177491991651284
}