{
    "jruby-1": {
        "accuracy": 0.9317343173431735,
        "macro_f1": 0.41589556280344026
    },
    "sql12": {
        "accuracy": 0.9737663960024985,
        "macro_f1": 0.6970330473235493
    },
    "tesoro_as_extra_data": {
        "accuracy": 0.836346560225405,
        "macro_f1": 0.5784088090997378
    },
    "jfreechart-1": {
        "accuracy": 0.9673532841041586,
        "macro_f1": 0.43894207165600807
    },
    "emf-2": {
        "accuracy": 0.9821873886711792,
        "macro_f1": 0.47725065761928354
    },
    "jEdit-4": {
        "accuracy": 0.9682808204694439,
        "macro_f1": 0.4779754306814337
    },
    "apache-jmeter-2": {
        "accuracy": 0.96390760346487,
        "macro_f1": 0.6015762470711405
    },
    "columba-1": {
        "accuracy": 0.9794553272814143,
        "macro_f1": 0.7535326397900152
    },
    "apache-ant-1": {
        "accuracy": 0.9612778315585673,
        "macro_f1": 0.49740982942616363
    },
    "hibernate-distribution-3": {
        "accuracy": 0.9233176838810642,
        "macro_f1": 0.6219375286287179
    },
    "argouml": {
        "accuracy": 0.8841178584261589,
        "macro_f1": 0.5561151856768699
    },
    "avg": {
        "accuracy": 0.9428859155843575,
        "f1_score": 0.5560070008887599
    }
}