{
    "accuracy": 0.8150134048257373,
    "macro_f1": 0.7470244330542362
}