{
    "accuracy": 0.8908296943231441,
    "macro_f1": 0.6015854758162519
}