{
    "accuracy": 0.8804597701149425,
    "macro_f1": 0.7919263386737541
}