{
    "accuracy": 0.9268388106416275,
    "macro_f1": 0.45204411558734114
}