{
    "6": {
        "accuracy": 0.8912529550827423,
        "macro_f1": 0.7365118928927504
    },
    "2": {
        "accuracy": 0.8257372654155496,
        "macro_f1": 0.7546621711200299
    },
    "8": {
        "accuracy": 0.8946135831381733,
        "macro_f1": 0.7316501802009049
    },
    "3": {
        "accuracy": 0.8817204301075269,
        "macro_f1": 0.7302868548609994
    },
    "5": {
        "accuracy": 0.8843861740166865,
        "macro_f1": 0.7016255108690727
    },
    "7": {
        "accuracy": 0.8755364806866953,
        "macro_f1": 0.7509073680272511
    },
    "9": {
        "accuracy": 0.8432601880877743,
        "macro_f1": 0.6619156231077848
    },
    "0": {
        "accuracy": 0.8505747126436781,
        "macro_f1": 0.53227219543827
    },
    "4": {
        "accuracy": 0.8269230769230769,
        "macro_f1": 0.6808345934635017
    },
    "1": {
        "accuracy": 0.8951965065502183,
        "macro_f1": 0.7835300781790507
    },
    "avg": {
        "accuracy": 0.8669201372652122,
        "f1_score": 0.7064196468159616
    }
}