{
    "accuracy": 0.958614051973051,
    "macro_f1": 0.5254108809659604
}