{
    "accuracy": 0.9696889826041117,
    "macro_f1": 0.9304977113196291
}