{
    "accuracy": 0.9913999044433827,
    "macro_f1": 0.9435443265599712
}