{
    "accuracy": 0.8512544802867383,
    "macro_f1": 0.7186069673206861
}