{
    "accuracy": 0.8688524590163934,
    "macro_f1": 0.698734775691961
}