{
    "accuracy": 0.9731417863835103,
    "macro_f1": 0.43892966629455893
}