{
    "jruby-1": {
        "accuracy": 0.9317343173431735,
        "macro_f1": 0.4906873535624221
    },
    "sql12": {
        "accuracy": 0.9706433479075578,
        "macro_f1": 0.5006362310564247
    },
    "jfreechart-1": {
        "accuracy": 0.9607462106490477,
        "macro_f1": 0.39893910879773675
    },
    "emf-2": {
        "accuracy": 0.9821873886711792,
        "macro_f1": 0.5207989562945886
    },
    "jEdit-4": {
        "accuracy": 0.9676464368788328,
        "macro_f1": 0.47967418778465176
    },
    "apache-jmeter-2": {
        "accuracy": 0.9518768046198267,
        "macro_f1": 0.4402790888708985
    },
    "columba-1": {
        "accuracy": 0.9768275203057811,
        "macro_f1": 0.6803567367257682
    },
    "apache-ant-1": {
        "accuracy": 0.9632139399806389,
        "macro_f1": 0.39872029266987113
    },
    "hibernate-distribution-3": {
        "accuracy": 0.9162754303599374,
        "macro_f1": 0.6275315231685619
    },
    "argouml": {
        "accuracy": 0.8866331297161336,
        "macro_f1": 0.5559070082240035
    },
    "avg": {
        "accuracy": 0.9507784526432108,
        "f1_score": 0.5093530487154927
    }
}