{
    "accuracy": 0.9344457687723481,
    "macro_f1": 0.7734785893132802
}