{
    "jruby-1": {
        "accuracy": 0.9731154454401687,
        "macro_f1": 0.9388532109221981
    },
    "sql12": {
        "accuracy": 0.9791796793670623,
        "macro_f1": 0.8829331497831716
    },
    "jfreechart-1": {
        "accuracy": 0.9778468713563934,
        "macro_f1": 0.8675418275418276
    },
    "emf-2": {
        "accuracy": 0.9850374064837906,
        "macro_f1": 0.8482749567580924
    },
    "jEdit-4": {
        "accuracy": 0.9716641996193699,
        "macro_f1": 0.8338174421849202
    },
    "apache-jmeter-2": {
        "accuracy": 0.9776227141482194,
        "macro_f1": 0.9204848083867556
    },
    "columba-1": {
        "accuracy": 0.9866220735785953,
        "macro_f1": 0.9151168584373298
    },
    "apache-ant-1": {
        "accuracy": 0.9696676347208777,
        "macro_f1": 0.8140492385942335
    },
    "hibernate-distribution-3": {
        "accuracy": 0.9585289514866979,
        "macro_f1": 0.9225581179978575
    },
    "argouml": {
        "accuracy": 0.9520301832554797,
        "macro_f1": 0.9302763966740912
    },
    "avg": {
        "accuracy": 0.9731315159456655,
        "f1_score": 0.8873906007280479
    }
}