{
    "jruby-1": {
        "accuracy": 0.6956521739130435,
        "macro_f1": 0.6489631332261395
    },
    "sql12": {
        "accuracy": 0.7972972972972973,
        "macro_f1": 0.7238479781088476
    },
    "jfreechart-1": {
        "accuracy": 0.6481481481481481,
        "macro_f1": 0.6682389937106918
    },
    "emf-2": {
        "accuracy": 0.7901234567901234,
        "macro_f1": 0.7133559705715903
    },
    "jEdit-4": {
        "accuracy": 0.8547008547008547,
        "macro_f1": 0.709961814914645
    },
    "apache-jmeter-2": {
        "accuracy": 0.7341772151898734,
        "macro_f1": 0.5423181234355916
    },
    "columba-1": {
        "accuracy": 0.6375,
        "macro_f1": 0.5884110535405872
    },
    "apache-ant-1": {
        "accuracy": 0.7338709677419355,
        "macro_f1": 0.5198013750954927
    },
    "hibernate-distribution-3": {
        "accuracy": 0.7216981132075472,
        "macro_f1": 0.43602701924442466
    },
    "argouml": {
        "accuracy": 0.6646180860403863,
        "macro_f1": 0.4928863632855719
    },
    "avg": {
        "accuracy": 0.727778631302921,
        "f1_score": 0.6043811825133583
    }
}