{
    "accuracy": 0.9800124921923797,
    "macro_f1": 0.8885617003834099
}