{
    "accuracy": 0.8096514745308311,
    "macro_f1": 0.730708127482321
}