{
    "accuracy": 0.9634263715110684,
    "macro_f1": 0.6053528175966193
}