{
    "accuracy": 0.8781362007168458,
    "macro_f1": 0.717050908845613
}