{
    "accuracy": 0.8850574712643678,
    "macro_f1": 0.6532748026504774
}