{
    "accuracy": 0.7432432432432432,
    "macro_f1": 0.7205572569506995
}