{
    "accuracy": 0.8991416309012875,
    "macro_f1": 0.8297788416430527
}