{
    "accuracy": 0.9809560823940925,
    "macro_f1": 0.8880303874002768
}