{
    "accuracy": 0.66875,
    "macro_f1": 0.6549482401656315
}