{
    "accuracy": 0.759493670886076,
    "macro_f1": 0.5603449370976967
}