{
    "accuracy": 0.8912529550827423,
    "macro_f1": 0.6478928732670567
}