{
    "accuracy": 0.8150134048257373,
    "macro_f1": 0.7547845808764239
}