{
    "accuracy": 0.9574109720885466,
    "macro_f1": 0.5916730600989027
}