{
    "accuracy": 0.9467011035454332,
    "macro_f1": 0.93514188687088
}