{
    "6": {
        "EMR": 0.38823529411764707,
        "f1": 0.4431372549019608
    },
    "2": {
        "EMR": 0.5145631067961165,
        "f1": 0.5517799352750808
    },
    "8": {
        "EMR": 0.4074074074074074,
        "f1": 0.46296296296296297
    },
    "3": {
        "EMR": 0.4,
        "f1": 0.43478260869565216
    },
    "5": {
        "EMR": 0.512396694214876,
        "f1": 0.5509641873278236
    },
    "7": {
        "EMR": 0.39090909090909093,
        "f1": 0.4318181818181818
    },
    "9": {
        "EMR": 0.30597014925373134,
        "f1": 0.3507462686567164
    },
    "0": {
        "EMR": 0.3877551020408163,
        "f1": 0.4149659863945579
    },
    "4": {
        "EMR": 0.2903225806451613,
        "f1": 0.34767025089605735
    },
    "1": {
        "EMR": 0.3409090909090909,
        "f1": 0.4318181818181818
    },
    "avg": {
        "accuracy": 0.3938468516293938,
        "f1_score": 0.44206458187471753
    }
}