{
    "accuracy": 0.9832561453509084,
    "macro_f1": 0.687794951384993
}