{
    "accuracy": 0.66875,
    "macro_f1": 0.6606179441473559
}