{
    "accuracy": 0.9719264278799613,
    "macro_f1": 0.8309531438001481
}