{
    "accuracy": 0.881602587136184,
    "macro_f1": 0.42052139969278196
}