{
    "accuracy": 0.9648273636656987,
    "macro_f1": 0.440978787603956
}