{
    "accuracy": 0.8817204301075269,
    "macro_f1": 0.7302868548609994
}