{
    "6": {
        "accuracy": 0.8912529550827423,
        "macro_f1": 0.666591868697369
    },
    "2": {
        "accuracy": 0.8337801608579088,
        "macro_f1": 0.7505867841233695
    },
    "8": {
        "accuracy": 0.9203747072599532,
        "macro_f1": 0.8145721084409391
    },
    "3": {
        "accuracy": 0.8440860215053764,
        "macro_f1": 0.7242005910099091
    },
    "5": {
        "accuracy": 0.9356376638855781,
        "macro_f1": 0.7627685849725324
    },
    "7": {
        "accuracy": 0.8884120171673819,
        "macro_f1": 0.8101709838557104
    },
    "9": {
        "accuracy": 0.841692789968652,
        "macro_f1": 0.6464096412975965
    },
    "0": {
        "accuracy": 0.8620689655172413,
        "macro_f1": 0.6903254030312951
    },
    "4": {
        "accuracy": 0.8406593406593407,
        "macro_f1": 0.6600813084404415
    },
    "1": {
        "accuracy": 0.8755458515283843,
        "macro_f1": 0.752793508468355
    },
    "avg": {
        "accuracy": 0.8733510473432557,
        "f1_score": 0.7278500782337518
    }
}