{
    "accuracy": 0.888646288209607,
    "macro_f1": 0.766444824164672
}