{
    "accuracy": 0.9250997886827894,
    "macro_f1": 0.9064405776354567
}