{
    "accuracy": 0.7816455696202531,
    "macro_f1": 0.6547478107356401
}