{
    "accuracy": 0.9697610488475364,
    "macro_f1": 0.8110981218670432
}