{
    "accuracy": 0.979596085779721,
    "macro_f1": 0.8885806887775392
}