{
    "jruby-1": {
        "accuracy": 0.9346336320506062,
        "macro_f1": 0.4238411881105025
    },
    "sql12": {
        "accuracy": 0.9698105350822402,
        "macro_f1": 0.4023198771048277
    },
    "jfreechart-1": {
        "accuracy": 0.967741935483871,
        "macro_f1": 0.37063860660047077
    },
    "emf-2": {
        "accuracy": 0.9839686498040613,
        "macro_f1": 0.6336312964873931
    },
    "jEdit-4": {
        "accuracy": 0.9680693592725735,
        "macro_f1": 0.49177203039268624
    },
    "apache-jmeter-2": {
        "accuracy": 0.9615014436958614,
        "macro_f1": 0.48674220605884755
    },
    "columba-1": {
        "accuracy": 0.9730052556139512,
        "macro_f1": 0.4699743488738686
    },
    "apache-ant-1": {
        "accuracy": 0.9596644078735076,
        "macro_f1": 0.39674181764919975
    },
    "hibernate-distribution-3": {
        "accuracy": 0.9303599374021909,
        "macro_f1": 0.5170706073145696
    },
    "argouml": {
        "accuracy": 0.881602587136184,
        "macro_f1": 0.42052139969278196
    },
    "avg": {
        "accuracy": 0.9530357743415048,
        "f1_score": 0.46132533782851476
    }
}