{
    "accuracy": 0.8406593406593407,
    "macro_f1": 0.7532031454086882
}