{
    "accuracy": 0.9673120966062877,
    "macro_f1": 0.48877396572378684
}