{
    "accuracy": 0.5462962962962963,
    "macro_f1": 0.5731431688878498
}