{
    "jruby-1": {
        "accuracy": 0.6782608695652174,
        "macro_f1": 0.40726315478999525
    },
    "sql12": {
        "accuracy": 0.7612612612612613,
        "macro_f1": 0.5169207804388317
    },
    "jfreechart-1": {
        "accuracy": 0.6481481481481481,
        "macro_f1": 0.623260461902882
    },
    "emf-2": {
        "accuracy": 0.8148148148148148,
        "macro_f1": 0.6388432017543859
    },
    "jEdit-4": {
        "accuracy": 0.8418803418803419,
        "macro_f1": 0.6313292593430863
    },
    "apache-jmeter-2": {
        "accuracy": 0.7088607594936709,
        "macro_f1": 0.527448510051671
    },
    "columba-1": {
        "accuracy": 0.60625,
        "macro_f1": 0.5150795774019891
    },
    "apache-ant-1": {
        "accuracy": 0.8225806451612904,
        "macro_f1": 0.6298819527811125
    },
    "hibernate-distribution-3": {
        "accuracy": 0.7665094339622641,
        "macro_f1": 0.4520608243830075
    },
    "argouml": {
        "accuracy": 0.66900790166813,
        "macro_f1": 0.4491925801075304
    },
    "avg": {
        "accuracy": 0.7317574175955139,
        "f1_score": 0.5391280302954492
    }
}