{
    "jruby-1": {
        "accuracy": 0.9696889826041117,
        "macro_f1": 0.9304977113196291
    },
    "sql12": {
        "accuracy": 0.9785550697480742,
        "macro_f1": 0.8821693029822986
    },
    "tesoro_as_extra_data": {
        "accuracy": 0.9478750880488378,
        "macro_f1": 0.9370668888200206
    },
    "jfreechart-1": {
        "accuracy": 0.9801787796346677,
        "macro_f1": 0.8889920946108848
    },
    "emf-2": {
        "accuracy": 0.9861061631635197,
        "macro_f1": 0.8619516900902264
    },
    "jEdit-4": {
        "accuracy": 0.975681962359907,
        "macro_f1": 0.855087273788286
    },
    "apache-jmeter-2": {
        "accuracy": 0.980269489894129,
        "macro_f1": 0.9311842165841854
    },
    "columba-1": {
        "accuracy": 0.9902054467271859,
        "macro_f1": 0.9351411694059325
    },
    "apache-ant-1": {
        "accuracy": 0.9693449499838658,
        "macro_f1": 0.8071798102875422
    },
    "hibernate-distribution-3": {
        "accuracy": 0.9632237871674492,
        "macro_f1": 0.931866673472513
    },
    "argouml": {
        "accuracy": 0.9550844412504491,
        "macro_f1": 0.9341169416473539
    },
    "avg": {
        "accuracy": 0.9723831055074723,
        "f1_score": 0.8995685248189883
    }
}