{
    "accuracy": 0.9054373522458629,
    "macro_f1": 0.7751234646601742
}