{
    "accuracy": 0.9904443382704252,
    "macro_f1": 0.9354037267080746
}