{
    "accuracy": 0.9785550697480742,
    "macro_f1": 0.8811853865727759
}