{
    "accuracy": 0.9346336320506062,
    "macro_f1": 0.4238411881105025
}