{
    "accuracy": 0.9538341158059468,
    "macro_f1": 0.9139623726585606
}