{
    "accuracy": 0.6695652173913044,
    "macro_f1": 0.4697656141327027
}