{
    "6": {
        "acc": 0.8817966903073287,
        "f1": 0.5567253173992994
    },
    "2": {
        "acc": 0.8310991957104558,
        "f1": 0.7921067687163829
    },
    "8": {
        "acc": 0.8946135831381733,
        "f1": 0.7461348524563238
    },
    "3": {
        "acc": 0.8476702508960573,
        "f1": 0.7046086452537726
    },
    "5": {
        "acc": 0.932061978545888,
        "f1": 0.7777845011567357
    },
    "7": {
        "acc": 0.8841201716738197,
        "f1": 0.7952333020608656
    },
    "9": {
        "acc": 0.822884012539185,
        "f1": 0.6129179543119986
    },
    "0": {
        "acc": 0.8574712643678161,
        "f1": 0.5566942568441754
    },
    "4": {
        "acc": 0.804945054945055,
        "f1": 0.639256536769082
    },
    "1": {
        "acc": 0.8973799126637555,
        "f1": 0.6161991811553763
    },
    "avg": {
        "accuracy": 0.8654042114787535,
        "f1_score": 0.6797661316124012
    }
}