{
    "6": {
        "accuracy": 0.8841607565011821,
        "macro_f1": 0.603491242772237
    },
    "2": {
        "accuracy": 0.8418230563002681,
        "macro_f1": 0.7688526137285482
    },
    "8": {
        "accuracy": 0.8688524590163934,
        "macro_f1": 0.698734775691961
    },
    "3": {
        "accuracy": 0.8422939068100358,
        "macro_f1": 0.6809616567390083
    },
    "5": {
        "accuracy": 0.932061978545888,
        "macro_f1": 0.7559808171617545
    },
    "7": {
        "accuracy": 0.9141630901287554,
        "macro_f1": 0.8683209634121187
    },
    "9": {
        "accuracy": 0.8213166144200627,
        "macro_f1": 0.5793156217649752
    },
    "0": {
        "accuracy": 0.8597701149425288,
        "macro_f1": 0.6336429061697894
    },
    "4": {
        "accuracy": 0.7912087912087912,
        "macro_f1": 0.5680477773616653
    },
    "1": {
        "accuracy": 0.8733624454148472,
        "macro_f1": 0.7532769283243667
    },
    "avg": {
        "accuracy": 0.8629013213288752,
        "f1_score": 0.6910625303126424
    }
}