{
    "accuracy": 0.9012875536480687,
    "macro_f1": 0.8468472287662471
}