{
    "accuracy": 0.8176943699731903,
    "macro_f1": 0.7504484021725402
}