{
    "accuracy": 0.9821873886711792,
    "macro_f1": 0.837190040461784
}