{
    "accuracy": 0.6290571870170015,
    "macro_f1": 0.5924201640221084
}