{
    "accuracy": 0.8805620608899297,
    "macro_f1": 0.7346003916897001
}