{
    "6": {
        "accuracy": 0.8983451536643026,
        "macro_f1": 0.5917087934037087
    },
    "2": {
        "accuracy": 0.7828418230563002,
        "macro_f1": 0.715316172105163
    },
    "8": {
        "accuracy": 0.9203747072599532,
        "macro_f1": 0.7966260216260217
    },
    "3": {
        "accuracy": 0.8512544802867383,
        "macro_f1": 0.7186069673206861
    },
    "5": {
        "accuracy": 0.932061978545888,
        "macro_f1": 0.7559590327458561
    },
    "7": {
        "accuracy": 0.8798283261802575,
        "macro_f1": 0.8066408202547585
    },
    "9": {
        "accuracy": 0.8495297805642633,
        "macro_f1": 0.6607116496613656
    },
    "0": {
        "accuracy": 0.8551724137931035,
        "macro_f1": 0.7177491991651284
    },
    "4": {
        "accuracy": 0.8159340659340659,
        "macro_f1": 0.6982571908799153
    },
    "1": {
        "accuracy": 0.8755458515283843,
        "macro_f1": 0.7176840969190695
    },
    "avg": {
        "accuracy": 0.8660888580813257,
        "f1_score": 0.7179259944081673
    }
}