{
    "accuracy": 0.9507725476104922,
    "macro_f1": 0.9285940899202321
}