{
    "accuracy": 0.8418803418803419,
    "macro_f1": 0.6313292593430863
}