{
    "accuracy": 0.7547169811320755,
    "macro_f1": 0.7134914772930994
}