{
    "accuracy": 0.8841178584261589,
    "macro_f1": 0.5561151856768699
}