{
    "accuracy": 0.8573667711598746,
    "macro_f1": 0.6941247438245903
}