{
    "6": {
        "EMR": 0.29069767441860467,
        "f1": 0.35271317829457366
    },
    "2": {
        "EMR": 0.4077669902912621,
        "f1": 0.459546925566343
    },
    "8": {
        "EMR": 0.32407407407407407,
        "f1": 0.3364197530864197
    },
    "3": {
        "EMR": 0.41379310344827586,
        "f1": 0.4597701149425286
    },
    "5": {
        "EMR": 0.4344262295081967,
        "f1": 0.5054644808743168
    },
    "7": {
        "EMR": 0.35454545454545455,
        "f1": 0.37727272727272726
    },
    "9": {
        "EMR": 0.3458646616541353,
        "f1": 0.3959899749373433
    },
    "0": {
        "EMR": 0.25510204081632654,
        "f1": 0.2755102040816326
    },
    "4": {
        "EMR": 0.3118279569892473,
        "f1": 0.3548387096774194
    },
    "1": {
        "EMR": 0.27586206896551724,
        "f1": 0.2988505747126437
    },
    "avg": {
        "accuracy": 0.3413960254711095,
        "f1_score": 0.3816376643445948
    }
}