{
    "accuracy": 0.8330594036158723,
    "macro_f1": 0.48364305886177333
}