{
    "accuracy": 0.9401686874011598,
    "macro_f1": 0.5409430492039616
}