{
    "accuracy": 0.8817966903073287,
    "macro_f1": 0.7016783678303787
}