{
    "accuracy": 0.8877111031261229,
    "macro_f1": 0.6057608428003057
}