{
    "6": {
        "accuracy": 0.8699763593380615,
        "macro_f1": 0.6492500353641503
    },
    "2": {
        "accuracy": 0.8123324396782842,
        "macro_f1": 0.7237309021375905
    },
    "8": {
        "accuracy": 0.8805620608899297,
        "macro_f1": 0.7346003916897001
    },
    "3": {
        "accuracy": 0.8620071684587813,
        "macro_f1": 0.7620451447759929
    },
    "5": {
        "accuracy": 0.9141835518474374,
        "macro_f1": 0.724515786537479
    },
    "7": {
        "accuracy": 0.8862660944206009,
        "macro_f1": 0.7950370686289632
    },
    "9": {
        "accuracy": 0.8338557993730408,
        "macro_f1": 0.7030723069731558
    },
    "0": {
        "accuracy": 0.832183908045977,
        "macro_f1": 0.5121391281472107
    },
    "4": {
        "accuracy": 0.8131868131868132,
        "macro_f1": 0.617757987114259
    },
    "1": {
        "accuracy": 0.8908296943231441,
        "macro_f1": 0.6015854758162519
    },
    "avg": {
        "accuracy": 0.859538388956207,
        "f1_score": 0.6823734227184753
    }
}