{
    "accuracy": 0.8440860215053764,
    "macro_f1": 0.6510909725195438
}