{
    "accuracy": 0.989010989010989,
    "macro_f1": 0.9257142857142857
}