{
    "accuracy": 0.9712412772256291,
    "macro_f1": 0.5850745476405599
}