{
    "accuracy": 0.8888888888888888,
    "macro_f1": 0.7564397180531581
}