{
    "accuracy": 0.8605150214592274,
    "macro_f1": 0.6797930946940848
}