{
    "accuracy": 0.7828418230563002,
    "macro_f1": 0.715316172105163
}