{
    "accuracy": 0.7994505494505495,
    "macro_f1": 0.6731227039566553
}