{
    "accuracy": 0.9659547473038698,
    "macro_f1": 0.6001057783507302
}