{
    "accuracy": 0.8930131004366813,
    "macro_f1": 0.7925689035520279
}