{
    "accuracy": 0.7338709677419355,
    "macro_f1": 0.4202063185041909
}