{
    "accuracy": 0.8145161290322581,
    "macro_f1": 0.6792298217445526
}