{
    "accuracy": 0.8589341692789969,
    "macro_f1": 0.7231622660621692
}