{
    "accuracy": 0.8983451536643026,
    "macro_f1": 0.5917087934037087
}