{
    "6": {
        "accuracy": 0.8912529550827423,
        "macro_f1": 0.6478928732670567
    },
    "2": {
        "accuracy": 0.7908847184986595,
        "macro_f1": 0.7020879786754545
    },
    "8": {
        "accuracy": 0.9063231850117096,
        "macro_f1": 0.729666512203623
    },
    "3": {
        "accuracy": 0.8673835125448028,
        "macro_f1": 0.7325046280259517
    },
    "5": {
        "accuracy": 0.930870083432658,
        "macro_f1": 0.7685124669778446
    },
    "7": {
        "accuracy": 0.8798283261802575,
        "macro_f1": 0.7876066554023824
    },
    "9": {
        "accuracy": 0.8448275862068966,
        "macro_f1": 0.6927576967479713
    },
    "0": {
        "accuracy": 0.8459770114942529,
        "macro_f1": 0.5258364686286313
    },
    "4": {
        "accuracy": 0.7939560439560439,
        "macro_f1": 0.5844389267800304
    },
    "1": {
        "accuracy": 0.8842794759825328,
        "macro_f1": 0.7527924130663858
    },
    "avg": {
        "accuracy": 0.8635582898390556,
        "f1_score": 0.6924096619775331
    }
}