{
    "accuracy": 0.8243243243243243,
    "macro_f1": 0.7630426613275836
}