{
    "accuracy": 0.930870083432658,
    "macro_f1": 0.732631492947521
}