{
    "accuracy": 0.9237089201877934,
    "macro_f1": 0.6261290729931156
}