{
    "accuracy": 0.8551724137931035,
    "macro_f1": 0.781000037578985
}