{
    "jruby-1": {
        "accuracy": 0.937532946758039,
        "macro_f1": 0.43547468108950893
    },
    "sql12": {
        "accuracy": 0.9671038933999584,
        "macro_f1": 0.3748161889507353
    },
    "jfreechart-1": {
        "accuracy": 0.961912164788185,
        "macro_f1": 0.39616276930145755
    },
    "emf-2": {
        "accuracy": 0.9818311364446027,
        "macro_f1": 0.5047852360733426
    },
    "jEdit-4": {
        "accuracy": 0.9659547473038698,
        "macro_f1": 0.6001057783507302
    },
    "apache-jmeter-2": {
        "accuracy": 0.9574109720885466,
        "macro_f1": 0.5916730600989027
    },
    "columba-1": {
        "accuracy": 0.9751552795031055,
        "macro_f1": 0.4512692448353424
    },
    "apache-ant-1": {
        "accuracy": 0.9657954178767344,
        "macro_f1": 0.43546352641327835
    },
    "hibernate-distribution-3": {
        "accuracy": 0.9213615023474179,
        "macro_f1": 0.4154770532241936
    },
    "argouml": {
        "accuracy": 0.8844771828961552,
        "macro_f1": 0.3935980364133298
    },
    "avg": {
        "accuracy": 0.9518535243406614,
        "f1_score": 0.45988255747508217
    }
}