{
    "accuracy": 0.8758782201405152,
    "macro_f1": 0.6902632676780261
}