{
    "accuracy": 0.6388888888888888,
    "macro_f1": 0.6155834405834406
}