{
    "accuracy": 0.9793070259865255,
    "macro_f1": 0.9272077033368091
}