{
    "accuracy": 0.7912087912087912,
    "macro_f1": 0.5680477773616653
}