{
    "accuracy": 0.8401253918495298,
    "macro_f1": 0.6728112879821174
}