{
    "accuracy": 0.8862660944206009,
    "macro_f1": 0.7950370686289632
}