{
    "accuracy": 0.7747747747747747,
    "macro_f1": 0.6906326075291591
}