{
    "accuracy": 0.8269230769230769,
    "macro_f1": 0.7260061585408005
}