{
    "accuracy": 0.8905579399141631,
    "macro_f1": 0.8123916857037061
}