{
    "accuracy": 0.9272943980929678,
    "macro_f1": 0.7420741155542362
}