{
    "accuracy": 0.9303599374021909,
    "macro_f1": 0.5170706073145696
}