{
    "accuracy": 0.8912529550827423,
    "macro_f1": 0.666591868697369
}