{
    "accuracy": 0.6637401229148375,
    "macro_f1": 0.4828782323392556
}