{
    "accuracy": 0.9518768046198267,
    "macro_f1": 0.4402790888708985
}