{
    "accuracy": 0.8148148148148148,
    "macro_f1": 0.7333811573409852
}