{
    "accuracy": 0.8761755485893417,
    "macro_f1": 0.7216516439249533
}