{
    "accuracy": 0.9813447337738049,
    "macro_f1": 0.8916677192539262
}