{
    "accuracy": 0.9864624153900962,
    "macro_f1": 0.8681455879589799
}