{
    "accuracy": 0.9720611491829204,
    "macro_f1": 0.9349299730765248
}