{
    "accuracy": 0.8669527896995708,
    "macro_f1": 0.7753110531763756
}