{
    "accuracy": 0.8908296943231441,
    "macro_f1": 0.7444416733741249
}