{
    "accuracy": 0.9344457687723481,
    "macro_f1": 0.7606807920993465
}