{
    "accuracy": 0.7358490566037735,
    "macro_f1": 0.4057158265452704
}