{
    "6": {
        "EMR": 0.3466666666666667,
        "f1": 0.37333333333333335
    },
    "2": {
        "EMR": 0.46464646464646464,
        "f1": 0.48484848484848475
    },
    "8": {
        "EMR": 0.37623762376237624,
        "f1": 0.4290429042904291
    },
    "3": {
        "EMR": 0.42718446601941745,
        "f1": 0.44660194174757284
    },
    "5": {
        "EMR": 0.49122807017543857,
        "f1": 0.5263157894736841
    },
    "7": {
        "EMR": 0.40186915887850466,
        "f1": 0.4205607476635514
    },
    "9": {
        "EMR": 0.3333333333333333,
        "f1": 0.36507936507936506
    },
    "0": {
        "EMR": 0.41304347826086957,
        "f1": 0.4275362318840579
    },
    "4": {
        "EMR": 0.35294117647058826,
        "f1": 0.3921568627450981
    },
    "1": {
        "EMR": 0.325,
        "f1": 0.33333333333333337
    },
    "avg": {
        "accuracy": 0.39321504382136596,
        "f1_score": 0.41988089943989093
    }
}