{
    "accuracy": 0.7547169811320755,
    "macro_f1": 0.42611639260820855
}