{
    "accuracy": 0.7432432432432432,
    "macro_f1": 0.6947817666182472
}