{
    "accuracy": 0.7689873417721519,
    "macro_f1": 0.5746416345742404
}