{
    "jruby-1": {
        "accuracy": 0.6695652173913044,
        "macro_f1": 0.4697656141327027
    },
    "sql12": {
        "accuracy": 0.7432432432432432,
        "macro_f1": 0.7205572569506995
    },
    "tesoro_as_extra_data": {
        "accuracy": 0.5455950540958269,
        "macro_f1": 0.49236689136774403
    },
    "jfreechart-1": {
        "accuracy": 0.6851851851851852,
        "macro_f1": 0.6676065162907268
    },
    "emf-2": {
        "accuracy": 0.7160493827160493,
        "macro_f1": 0.5978399489877252
    },
    "jEdit-4": {
        "accuracy": 0.7692307692307693,
        "macro_f1": 0.5679603494623656
    },
    "apache-jmeter-2": {
        "accuracy": 0.6867088607594937,
        "macro_f1": 0.37490754567734597
    },
    "columba-1": {
        "accuracy": 0.66875,
        "macro_f1": 0.7039736262744454
    },
    "apache-ant-1": {
        "accuracy": 0.75,
        "macro_f1": 0.5078064432767679
    },
    "hibernate-distribution-3": {
        "accuracy": 0.7547169811320755,
        "macro_f1": 0.42611639260820855
    },
    "argouml": {
        "accuracy": 0.6839332748024582,
        "macro_f1": 0.5200017181634858
    },
    "avg": {
        "accuracy": 0.6975434516869459,
        "f1_score": 0.5499002093811106
    }
}