{
    "accuracy": 0.7692307692307693,
    "macro_f1": 0.5679603494623656
}