{
    "accuracy": 0.5455950540958269,
    "macro_f1": 0.49236689136774403
}