{
    "accuracy": 0.9156908665105387,
    "macro_f1": 0.7772839726051602
}