{
    "accuracy": 0.967741935483871,
    "macro_f1": 0.37063860660047077
}