{
    "accuracy": 0.9638593094546628,
    "macro_f1": 0.784667765182347
}