{
    "accuracy": 0.8875878220140515,
    "macro_f1": 0.6936580026021294
}