{
    "accuracy": 0.8445040214477212,
    "macro_f1": 0.772832992481565
}