{
    "accuracy": 0.9538268056054617,
    "macro_f1": 0.9318452280982361
}