{
    "accuracy": 0.8841607565011821,
    "macro_f1": 0.603491242772237
}