{
    "accuracy": 0.836346560225405,
    "macro_f1": 0.5784088090997378
}