{
    "accuracy": 0.8770685579196218,
    "macro_f1": 0.6783348191692457
}