{
    "accuracy": 0.864367816091954,
    "macro_f1": 0.5534882182876363
}