{
    "accuracy": 0.8843861740166865,
    "macro_f1": 0.7016255108690727
}