{
    "accuracy": 0.8865248226950354,
    "macro_f1": 0.5696501735446176
}