{
    "accuracy": 0.7989276139410187,
    "macro_f1": 0.7153986717053868
}