{
    "accuracy": 0.7661290322580645,
    "macro_f1": 0.41348720364264413
}