{
    "accuracy": 0.9882943143812709,
    "macro_f1": 0.9271449482146403
}