{
    "accuracy": 0.6646180860403863,
    "macro_f1": 0.4928863632855719
}