{
    "accuracy": 0.9839686498040613,
    "macro_f1": 0.6336312964873931
}