{
    "accuracy": 0.9670861568247822,
    "macro_f1": 0.8011011552691853
}