{
    "accuracy": 0.975681962359907,
    "macro_f1": 0.855087273788286
}