{
    "accuracy": 0.9777222569227566,
    "macro_f1": 0.5393851051159577
}