{
    "accuracy": 0.9415971394517283,
    "macro_f1": 0.782858200030379
}