{
    "accuracy": 0.7151898734177216,
    "macro_f1": 0.5456614727917641
}