{
    "accuracy": 0.9596644078735076,
    "macro_f1": 0.39674181764919975
}