{
    "accuracy": 0.9689777222569228,
    "macro_f1": 0.6195817986553639
}