{
    "accuracy": 0.8512544802867383,
    "macro_f1": 0.6899632737521494
}