{
    "accuracy": 0.9184549356223176,
    "macro_f1": 0.8522966560370734
}