{
    "accuracy": 0.8946135831381733,
    "macro_f1": 0.7316501802009049
}