{
    "accuracy": 0.8699763593380615,
    "macro_f1": 0.6515494713075358
}