{
    "jruby-1": {
        "accuracy": 0.9322614654717976,
        "macro_f1": 0.5180837467691491
    },
    "sql12": {
        "accuracy": 0.9689777222569228,
        "macro_f1": 0.6195817986553639
    },
    "tesoro_as_extra_data": {
        "accuracy": 0.8255459027940831,
        "macro_f1": 0.5430255386413004
    },
    "jfreechart-1": {
        "accuracy": 0.9576369996113486,
        "macro_f1": 0.37934890629725915
    },
    "emf-2": {
        "accuracy": 0.9804061275382971,
        "macro_f1": 0.5980710683004287
    },
    "jEdit-4": {
        "accuracy": 0.9670120532882216,
        "macro_f1": 0.6066806518710808
    },
    "apache-jmeter-2": {
        "accuracy": 0.9525986525505293,
        "macro_f1": 0.4365395483367924
    },
    "columba-1": {
        "accuracy": 0.9746774964166268,
        "macro_f1": 0.6693367802230226
    },
    "apache-ant-1": {
        "accuracy": 0.9632139399806389,
        "macro_f1": 0.39574537736551707
    },
    "hibernate-distribution-3": {
        "accuracy": 0.9151017214397497,
        "macro_f1": 0.40524204052213203
    },
    "argouml": {
        "accuracy": 0.8857348185411427,
        "macro_f1": 0.5600394623542239
    },
    "avg": {
        "accuracy": 0.9384697181717598,
        "f1_score": 0.5210631744851155
    }
}