{
    "accuracy": 0.7939560439560439,
    "macro_f1": 0.5844389267800304
}