{
    "accuracy": 0.66875,
    "macro_f1": 0.7039736262744454
}