{
    "accuracy": 0.8096514745308311,
    "macro_f1": 0.7511928965643757
}