{
    "6": {
        "acc": 0.900709219858156,
        "f1": 0.6821391790903985
    },
    "2": {
        "acc": 0.839142091152815,
        "f1": 0.7646889748753326
    },
    "8": {
        "acc": 0.9320843091334895,
        "f1": 0.8453978499985412
    },
    "3": {
        "acc": 0.8655913978494624,
        "f1": 0.7207032445754976
    },
    "5": {
        "acc": 0.9344457687723481,
        "f1": 0.7615501831738873
    },
    "7": {
        "acc": 0.8991416309012875,
        "f1": 0.8215602660660039
    },
    "9": {
        "acc": 0.8620689655172413,
        "f1": 0.6794511427364341
    },
    "0": {
        "acc": 0.8919540229885058,
        "f1": 0.829161596359929
    },
    "4": {
        "acc": 0.8489010989010989,
        "f1": 0.7804157465444409
    },
    "1": {
        "acc": 0.888646288209607,
        "f1": 0.7701754079799108
    },
    "avg": {
        "accuracy": 0.886268479328401,
        "f1_score": 0.7655243591400376
    }
}