{
    "6": {
        "accuracy": 0.900709219858156,
        "macro_f1": 0.7162280373746442
    },
    "2": {
        "accuracy": 0.8257372654155496,
        "macro_f1": 0.7683153522995063
    },
    "8": {
        "accuracy": 0.9016393442622951,
        "macro_f1": 0.8148819409312886
    },
    "3": {
        "accuracy": 0.8745519713261649,
        "macro_f1": 0.7448168337181408
    },
    "5": {
        "accuracy": 0.9284862932061978,
        "macro_f1": 0.7726653833706506
    },
    "7": {
        "accuracy": 0.8884120171673819,
        "macro_f1": 0.8031806414574237
    },
    "9": {
        "accuracy": 0.8463949843260188,
        "macro_f1": 0.6522668502282537
    },
    "0": {
        "accuracy": 0.8620689655172413,
        "macro_f1": 0.8232864483528936
    },
    "4": {
        "accuracy": 0.8406593406593407,
        "macro_f1": 0.7532031454086882
    },
    "1": {
        "accuracy": 0.888646288209607,
        "macro_f1": 0.781462011812127
    },
    "avg": {
        "accuracy": 0.8757305689947954,
        "f1_score": 0.7630306644953617
    }
}