{
    "accuracy": 0.6434782608695652,
    "macro_f1": 0.4058113633851935
}