{
    "accuracy": 0.8819619116061804,
    "macro_f1": 0.3894692422101313
}