{
    "accuracy": 0.9632139399806389,
    "macro_f1": 0.39872029266987113
}