{
    "accuracy": 0.9141835518474374,
    "macro_f1": 0.724515786537479
}