{
    "6": {
        "acc": 0.8841607565011821,
        "f1": 0.7238543469450999
    },
    "2": {
        "acc": 0.8203753351206434,
        "f1": 0.7780918940503331
    },
    "8": {
        "acc": 0.8758782201405152,
        "f1": 0.6517382977400132
    },
    "3": {
        "acc": 0.8548387096774194,
        "f1": 0.6438377035151229
    },
    "5": {
        "acc": 0.9261025029797377,
        "f1": 0.7380723901550003
    },
    "7": {
        "acc": 0.8969957081545065,
        "f1": 0.8280392075050796
    },
    "9": {
        "acc": 0.8448275862068966,
        "f1": 0.6904350006785093
    },
    "0": {
        "acc": 0.8528735632183908,
        "f1": 0.6342883333554975
    },
    "4": {
        "acc": 0.8104395604395604,
        "f1": 0.7345140404414332
    },
    "1": {
        "acc": 0.8755458515283843,
        "f1": 0.7473629805089148
    },
    "avg": {
        "accuracy": 0.8642037793967237,
        "f1_score": 0.7170234194895004
    }
}