{
    "6": {
        "accuracy": 0.8770685579196218,
        "macro_f1": 0.7103597706111452
    },
    "2": {
        "accuracy": 0.8096514745308311,
        "macro_f1": 0.7677470636788944
    },
    "8": {
        "accuracy": 0.8875878220140515,
        "macro_f1": 0.7194378090164575
    },
    "3": {
        "accuracy": 0.8369175627240143,
        "macro_f1": 0.6518618698604555
    },
    "5": {
        "accuracy": 0.9165673420738975,
        "macro_f1": 0.7040211278670357
    },
    "7": {
        "accuracy": 0.8905579399141631,
        "macro_f1": 0.8123916857037061
    },
    "9": {
        "accuracy": 0.8495297805642633,
        "macro_f1": 0.7336735435590303
    },
    "0": {
        "accuracy": 0.8183908045977012,
        "macro_f1": 0.5849555582339854
    },
    "4": {
        "accuracy": 0.7967032967032966,
        "macro_f1": 0.6610560041780262
    },
    "1": {
        "accuracy": 0.8930131004366813,
        "macro_f1": 0.8005083125277825
    },
    "avg": {
        "accuracy": 0.8575987681478521,
        "f1_score": 0.7146012745236519
    }
}