{
    "accuracy": 0.9642440730664594,
    "macro_f1": 0.4276809487626868
}