{
    "accuracy": 0.8620071684587813,
    "macro_f1": 0.734960497011377
}