{
    "6": {
        "accuracy": 0.9054373522458629,
        "macro_f1": 0.7751234646601742
    },
    "2": {
        "accuracy": 0.8310991957104558,
        "macro_f1": 0.7655586401888415
    },
    "8": {
        "accuracy": 0.9039812646370023,
        "macro_f1": 0.7756452759617316
    },
    "3": {
        "accuracy": 0.899641577060932,
        "macro_f1": 0.769251862953427
    },
    "5": {
        "accuracy": 0.9272943980929678,
        "macro_f1": 0.7420741155542362
    },
    "7": {
        "accuracy": 0.8991416309012875,
        "macro_f1": 0.8297788416430527
    },
    "9": {
        "accuracy": 0.8761755485893417,
        "macro_f1": 0.7216516439249533
    },
    "0": {
        "accuracy": 0.9080459770114943,
        "macro_f1": 0.6986702876310161
    },
    "4": {
        "accuracy": 0.8186813186813187,
        "macro_f1": 0.6515690469915043
    },
    "1": {
        "accuracy": 0.8820960698689956,
        "macro_f1": 0.750264484944906
    },
    "avg": {
        "accuracy": 0.8851594332799658,
        "f1_score": 0.7479587664453843
    }
}