{
    "accuracy": 0.8367816091954023,
    "macro_f1": 0.5376142246549184
}