{
    "accuracy": 0.8406593406593407,
    "macro_f1": 0.7410713859012316
}