{
    "accuracy": 0.8104395604395604,
    "macro_f1": 0.5974146401700581
}