{
    "accuracy": 0.982899893124332,
    "macro_f1": 0.5226815438083043
}