{
    "accuracy": 0.9730052556139512,
    "macro_f1": 0.5633218804352913
}