{
    "accuracy": 0.7837837837837838,
    "macro_f1": 0.6302526981719959
}