{
    "accuracy": 0.6847826086956522,
    "macro_f1": 0.651913845935845
}