{
    "accuracy": 0.9165673420738975,
    "macro_f1": 0.7040211278670357
}