{
    "accuracy": 0.9708183548318884,
    "macro_f1": 0.5857991296932059
}