{
    "accuracy": 0.9670120532882216,
    "macro_f1": 0.6066806518710808
}