{
    "accuracy": 0.7387387387387387,
    "macro_f1": 0.6078653612235538
}