{
    "accuracy": 0.9769507295411292,
    "macro_f1": 0.866924267079323
}