{
    "accuracy": 0.9162754303599374,
    "macro_f1": 0.6275315231685619
}