{
    "accuracy": 0.954225352112676,
    "macro_f1": 0.9154450028627775
}