{
    "accuracy": 0.9693381264537957,
    "macro_f1": 0.8164397276464062
}