{
    "accuracy": 0.8337801608579088,
    "macro_f1": 0.7717627363175308
}