{
    "accuracy": 0.8842794759825328,
    "macro_f1": 0.7232045641504296
}