{
    "accuracy": 0.9752590399661663,
    "macro_f1": 0.8565199701159447
}