{
    "accuracy": 0.9677315262988061,
    "macro_f1": 0.774230679566383
}