{
    "accuracy": 0.8159340659340659,
    "macro_f1": 0.6982571908799153
}