{
    "accuracy": 0.8436781609195402,
    "macro_f1": 0.5097853301901987
}