{
    "accuracy": 0.8959810874704491,
    "macro_f1": 0.72966597974041
}