{
    "accuracy": 0.9261025029797377,
    "macro_f1": 0.7449967241918816
}