{
    "accuracy": 0.8946135831381733,
    "macro_f1": 0.757156628014251
}