{
    "accuracy": 0.6760869565217391,
    "macro_f1": 0.5396597824738528
}