{
    "accuracy": 0.9203747072599532,
    "macro_f1": 0.8145721084409391
}