{
    "accuracy": 0.8324175824175825,
    "macro_f1": 0.7185847268453367
}