{
    "accuracy": 0.8322884012539185,
    "macro_f1": 0.6777607457487499
}