{
    "accuracy": 0.9478750880488378,
    "macro_f1": 0.9370668888200206
}