{
    "accuracy": 0.8310991957104558,
    "macro_f1": 0.7655586401888415
}