{
    "accuracy": 0.6018518518518519,
    "macro_f1": 0.4924513665115169
}