{
    "accuracy": 0.658695652173913,
    "macro_f1": 0.483013013013013
}