{
    "6": {
        "EMR": 0.2988505747126437,
        "f1": 0.3371647509578544
    },
    "2": {
        "EMR": 0.44660194174757284,
        "f1": 0.459546925566343
    },
    "8": {
        "EMR": 0.3944954128440367,
        "f1": 0.4189602446483181
    },
    "3": {
        "EMR": 0.39655172413793105,
        "f1": 0.40804597701149425
    },
    "5": {
        "EMR": 0.5284552845528455,
        "f1": 0.5392953929539296
    },
    "7": {
        "EMR": 0.3185840707964602,
        "f1": 0.3820058997050148
    },
    "9": {
        "EMR": 0.36496350364963503,
        "f1": 0.39416058394160586
    },
    "0": {
        "EMR": 0.27835051546391754,
        "f1": 0.3127147766323024
    },
    "4": {
        "EMR": 0.3723404255319149,
        "f1": 0.39361702127659576
    },
    "1": {
        "EMR": 0.2857142857142857,
        "f1": 0.3443223443223444
    },
    "avg": {
        "accuracy": 0.3684907739151243,
        "f1_score": 0.39898339170158026
    }
}