{
    "accuracy": 0.8832195472511678,
    "macro_f1": 0.47534770433941986
}