{
    "accuracy": 0.8364611260053619,
    "macro_f1": 0.7881177403136248
}