{
    "accuracy": 0.8241758241758241,
    "macro_f1": 0.7410238451425721
}