{
    "accuracy": 0.8798283261802575,
    "macro_f1": 0.7842283483631234
}