{
    "accuracy": 0.9817333851535173,
    "macro_f1": 0.8907801034116823
}