{
    "accuracy": 0.9773820981713186,
    "macro_f1": 0.9197461221088892
}