{
    "accuracy": 0.7429245283018868,
    "macro_f1": 0.5860184977996569
}