{
    "accuracy": 0.8333333333333334,
    "macro_f1": 0.6818243766677187
}