{
    "accuracy": 0.7594339622641509,
    "macro_f1": 0.4382291466204803
}