{
    "accuracy": 0.9344457687723481,
    "macro_f1": 0.7550884260333529
}