{
    "accuracy": 0.9671038933999584,
    "macro_f1": 0.3748161889507353
}