{
    "accuracy": 0.8434065934065934,
    "macro_f1": 0.7472639472906434
}