{
    "accuracy": 0.7972972972972973,
    "macro_f1": 0.7238479781088476
}