{
    "accuracy": 0.9682808204694439,
    "macro_f1": 0.4779754306814337
}