{
    "accuracy": 0.9733499895898396,
    "macro_f1": 0.46473452632394974
}