{
    "accuracy": 0.9785550697480742,
    "macro_f1": 0.8821693029822986
}