{
    "6": {
        "acc": 0.8794326241134752,
        "f1": 0.6316074293436498
    },
    "2": {
        "acc": 0.8096514745308311,
        "f1": 0.7034482758620689
    },
    "8": {
        "acc": 0.8946135831381733,
        "f1": 0.696648882491654
    },
    "3": {
        "acc": 0.8727598566308243,
        "f1": 0.7228488354368636
    },
    "5": {
        "acc": 0.9404052443384983,
        "f1": 0.7828526985942862
    },
    "7": {
        "acc": 0.8819742489270386,
        "f1": 0.790825618616712
    },
    "9": {
        "acc": 0.8557993730407524,
        "f1": 0.7020401465872267
    },
    "0": {
        "acc": 0.8551724137931035,
        "f1": 0.5315586605892086
    },
    "4": {
        "acc": 0.8131868131868132,
        "f1": 0.6206125356543298
    },
    "1": {
        "acc": 0.9017467248908297,
        "f1": 0.8096392777679328
    },
    "avg": {
        "accuracy": 0.8704742356590339,
        "f1_score": 0.6992082360943932
    }
}