{
    "6": {
        "accuracy": 0.8912529550827423,
        "macro_f1": 0.6767720845845847
    },
    "2": {
        "accuracy": 0.8150134048257373,
        "macro_f1": 0.7547845808764239
    },
    "8": {
        "accuracy": 0.892271662763466,
        "macro_f1": 0.7199985641118278
    },
    "3": {
        "accuracy": 0.8530465949820788,
        "macro_f1": 0.6952465802197573
    },
    "5": {
        "accuracy": 0.9344457687723481,
        "macro_f1": 0.7550884260333529
    },
    "7": {
        "accuracy": 0.8605150214592274,
        "macro_f1": 0.6797930946940848
    },
    "9": {
        "accuracy": 0.8448275862068966,
        "macro_f1": 0.6615942340061999
    },
    "0": {
        "accuracy": 0.8413793103448276,
        "macro_f1": 0.49809200295074185
    },
    "4": {
        "accuracy": 0.8131868131868132,
        "macro_f1": 0.5899261283935952
    },
    "1": {
        "accuracy": 0.9039301310043668,
        "macro_f1": 0.8179161383769187
    },
    "avg": {
        "accuracy": 0.8649869248628503,
        "f1_score": 0.6849211834247487
    }
}