{
    "accuracy": 0.9291862284820032,
    "macro_f1": 0.5058781393138647
}