{
    "accuracy": 0.6018518518518519,
    "macro_f1": 0.6290427054304436
}