{
    "accuracy": 0.9781386633354153,
    "macro_f1": 0.8713296030318671
}