{
    "accuracy": 0.8203753351206434,
    "macro_f1": 0.7446186166300905
}