{
    "jruby-1": {
        "accuracy": 0.9731154454401687,
        "macro_f1": 0.9395033682192429
    },
    "sql12": {
        "accuracy": 0.979596085779721,
        "macro_f1": 0.8885806887775392
    },
    "tesoro_as_extra_data": {
        "accuracy": 0.9467011035454332,
        "macro_f1": 0.93514188687088
    },
    "jfreechart-1": {
        "accuracy": 0.9794014768752429,
        "macro_f1": 0.8808722413776535
    },
    "emf-2": {
        "accuracy": 0.9868186676166726,
        "macro_f1": 0.8740970259894074
    },
    "jEdit-4": {
        "accuracy": 0.9769507295411292,
        "macro_f1": 0.866924267079323
    },
    "apache-jmeter-2": {
        "accuracy": 0.9781039461020212,
        "macro_f1": 0.9245920761025934
    },
    "columba-1": {
        "accuracy": 0.9882943143812709,
        "macro_f1": 0.9271449482146403
    },
    "apache-ant-1": {
        "accuracy": 0.9719264278799613,
        "macro_f1": 0.8309531438001481
    },
    "hibernate-distribution-3": {
        "accuracy": 0.954225352112676,
        "macro_f1": 0.9154450028627775
    },
    "argouml": {
        "accuracy": 0.9520301832554797,
        "macro_f1": 0.9303576105548951
    },
    "avg": {
        "accuracy": 0.9715603393208887,
        "f1_score": 0.9012374781681
    }
}