{
    "accuracy": 0.980269489894129,
    "macro_f1": 0.9311842165841854
}