{
    "accuracy": 0.8747044917257684,
    "macro_f1": 0.5764724397934143
}