{
    "accuracy": 0.9284862932061978,
    "macro_f1": 0.7726653833706506
}