{
    "accuracy": 0.8755364806866953,
    "macro_f1": 0.7509073680272511
}