{
    "accuracy": 0.9016393442622951,
    "macro_f1": 0.8148819409312886
}