{
    "accuracy": 0.8104395604395604,
    "macro_f1": 0.7328723955335558
}