{
    "accuracy": 0.8495297805642633,
    "macro_f1": 0.7336735435590303
}