{
    "accuracy": 0.9441183376379432,
    "macro_f1": 0.9319167462819056
}