{
    "accuracy": 0.8096514745308311,
    "macro_f1": 0.7677470636788944
}