{
    "accuracy": 0.9218390804597701,
    "macro_f1": 0.711922411243294
}