{
    "6": {
        "accuracy": 0.9054373522458629,
        "macro_f1": 0.7369699081908383
    },
    "2": {
        "accuracy": 0.8337801608579088,
        "macro_f1": 0.7409114168457505
    },
    "8": {
        "accuracy": 0.9063231850117096,
        "macro_f1": 0.731970911550282
    },
    "3": {
        "accuracy": 0.8584229390681004,
        "macro_f1": 0.6785260932048157
    },
    "5": {
        "accuracy": 0.9237187127532777,
        "macro_f1": 0.7328937023920211
    },
    "7": {
        "accuracy": 0.8991416309012875,
        "macro_f1": 0.8299076815039547
    },
    "9": {
        "accuracy": 0.8526645768025078,
        "macro_f1": 0.6820158709368335
    },
    "0": {
        "accuracy": 0.8850574712643678,
        "macro_f1": 0.6532748026504774
    },
    "4": {
        "accuracy": 0.8186813186813187,
        "macro_f1": 0.7005839273147068
    },
    "1": {
        "accuracy": 0.8951965065502183,
        "macro_f1": 0.7659163159278792
    },
    "avg": {
        "accuracy": 0.8778423854136559,
        "f1_score": 0.7252970630517559
    }
}