{
    "accuracy": 0.5833333333333334,
    "macro_f1": 0.5710773608629476
}