{
    "6": {
        "accuracy": 0.8817966903073287,
        "macro_f1": 0.6536142168619947
    },
    "2": {
        "accuracy": 0.7908847184986595,
        "macro_f1": 0.7295446925659356
    },
    "8": {
        "accuracy": 0.9156908665105387,
        "macro_f1": 0.7772839726051602
    },
    "3": {
        "accuracy": 0.8781362007168458,
        "macro_f1": 0.717050908845613
    },
    "5": {
        "accuracy": 0.9213349225268176,
        "macro_f1": 0.7342419577469106
    },
    "7": {
        "accuracy": 0.8948497854077253,
        "macro_f1": 0.819963926720706
    },
    "9": {
        "accuracy": 0.8557993730407524,
        "macro_f1": 0.7035087138453884
    },
    "0": {
        "accuracy": 0.8804597701149425,
        "macro_f1": 0.7919263386737541
    },
    "4": {
        "accuracy": 0.8241758241758241,
        "macro_f1": 0.7410238451425721
    },
    "1": {
        "accuracy": 0.9039301310043668,
        "macro_f1": 0.7903462129268582
    },
    "avg": {
        "accuracy": 0.8747058282303801,
        "f1_score": 0.7458504785934893
    }
}