{
    "accuracy": 0.9261025029797377,
    "macro_f1": 0.7398249898249899
}