{
    "accuracy": 0.7901234567901234,
    "macro_f1": 0.7133559705715903
}