{
    "accuracy": 0.9716641996193699,
    "macro_f1": 0.8338174421849202
}