{
    "accuracy": 0.8528735632183908,
    "macro_f1": 0.6315754357316675
}