{
    "accuracy": 0.9284862932061978,
    "macro_f1": 0.7331912675137807
}