{
    "accuracy": 0.9645046789286866,
    "macro_f1": 0.4222170529913388
}