{
    "accuracy": 0.9612778315585673,
    "macro_f1": 0.49740982942616363
}