{
    "6": {
        "EMR": 0.3488372093023256,
        "f1": 0.3953488372093024
    },
    "2": {
        "EMR": 0.44660194174757284,
        "f1": 0.47249190938511326
    },
    "8": {
        "EMR": 0.3888888888888889,
        "f1": 0.425925925925926
    },
    "3": {
        "EMR": 0.3620689655172414,
        "f1": 0.39655172413793105
    },
    "5": {
        "EMR": 0.5041322314049587,
        "f1": 0.5261707988980715
    },
    "7": {
        "EMR": 0.41818181818181815,
        "f1": 0.45454545454545453
    },
    "9": {
        "EMR": 0.3233082706766917,
        "f1": 0.3583959899749373
    },
    "0": {
        "EMR": 0.46938775510204084,
        "f1": 0.5034013605442177
    },
    "4": {
        "EMR": 0.2903225806451613,
        "f1": 0.34050179211469533
    },
    "1": {
        "EMR": 0.26436781609195403,
        "f1": 0.30268199233716475
    },
    "avg": {
        "accuracy": 0.38160974775586537,
        "f1_score": 0.4176015785072814
    }
}