{
    "accuracy": 0.9809560823940925,
    "macro_f1": 0.8898630156133023
}