{
    "accuracy": 0.8186813186813187,
    "macro_f1": 0.7005839273147068
}