{
    "accuracy": 0.7341772151898734,
    "macro_f1": 0.5423181234355916
}