{
    "accuracy": 0.961912164788185,
    "macro_f1": 0.39616276930145755
}