{
    "accuracy": 0.9039301310043668,
    "macro_f1": 0.7903462129268582
}