{
    "accuracy": 0.9213615023474179,
    "macro_f1": 0.4154770532241936
}