{
    "accuracy": 0.9791796793670623,
    "macro_f1": 0.8829331497831716
}