{
    "accuracy": 0.7283950617283951,
    "macro_f1": 0.5705781670819804
}