{
    "accuracy": 0.8819742489270386,
    "macro_f1": 0.8228790491217284
}