{
    "accuracy": 0.6777875329236172,
    "macro_f1": 0.5548325020217986
}