{
    "jruby-1": {
        "accuracy": 0.6847826086956522,
        "macro_f1": 0.651913845935845
    },
    "sql12": {
        "accuracy": 0.7882882882882883,
        "macro_f1": 0.7353179328411527
    },
    "jfreechart-1": {
        "accuracy": 0.6388888888888888,
        "macro_f1": 0.6565951580942535
    },
    "emf-2": {
        "accuracy": 0.8024691358024691,
        "macro_f1": 0.4845610119047619
    },
    "jEdit-4": {
        "accuracy": 0.8376068376068376,
        "macro_f1": 0.6453488372093023
    },
    "apache-jmeter-2": {
        "accuracy": 0.7341772151898734,
        "macro_f1": 0.5723910279443876
    },
    "columba-1": {
        "accuracy": 0.66875,
        "macro_f1": 0.6549482401656315
    },
    "apache-ant-1": {
        "accuracy": 0.7661290322580645,
        "macro_f1": 0.41348720364264413
    },
    "hibernate-distribution-3": {
        "accuracy": 0.7594339622641509,
        "macro_f1": 0.4382291466204803
    },
    "argouml": {
        "accuracy": 0.6909569798068481,
        "macro_f1": 0.49750054934785837
    },
    "avg": {
        "accuracy": 0.7371482948801072,
        "f1_score": 0.5750292953706316
    }
}