{
    "accuracy": 0.9055793991416309,
    "macro_f1": 0.836702136223549
}