{
    "accuracy": 0.9696676347208777,
    "macro_f1": 0.8140492385942335
}