{
    "accuracy": 0.9708854667949952,
    "macro_f1": 0.8962438651695965
}