{
    "jruby-1": {
        "accuracy": 0.9720611491829204,
        "macro_f1": 0.9352896842330192
    },
    "sql12": {
        "accuracy": 0.9777222569227566,
        "macro_f1": 0.8744719500604898
    },
    "jfreechart-1": {
        "accuracy": 0.9809560823940925,
        "macro_f1": 0.8880303874002768
    },
    "emf-2": {
        "accuracy": 0.9861061631635197,
        "macro_f1": 0.8561505863802109
    },
    "jEdit-4": {
        "accuracy": 0.9693381264537957,
        "macro_f1": 0.8164397276464062
    },
    "apache-jmeter-2": {
        "accuracy": 0.9708854667949952,
        "macro_f1": 0.8962438651695965
    },
    "columba-1": {
        "accuracy": 0.989010989010989,
        "macro_f1": 0.9257142857142857
    },
    "apache-ant-1": {
        "accuracy": 0.9683768957728299,
        "macro_f1": 0.8018283611306867
    },
    "hibernate-distribution-3": {
        "accuracy": 0.9538341158059468,
        "macro_f1": 0.9139623726585606
    },
    "argouml": {
        "accuracy": 0.9520301832554797,
        "macro_f1": 0.9300720702026308
    },
    "avg": {
        "accuracy": 0.9720321428757325,
        "f1_score": 0.8838203290596164
    }
}