{
    "accuracy": 0.7654320987654321,
    "macro_f1": 0.5962012469189503
}