{
    "accuracy": 0.9380214541120382,
    "macro_f1": 0.7910232329007654
}