{
    "accuracy": 0.8361117633247241,
    "macro_f1": 0.5038616259496939
}