{
    "accuracy": 0.8324175824175825,
    "macro_f1": 0.7110835887447128
}