{
    "accuracy": 0.900709219858156,
    "macro_f1": 0.7326417572678788
}