{
    "accuracy": 0.9695495876506661,
    "macro_f1": 0.8055349946541657
}