{
    "accuracy": 0.9818311364446027,
    "macro_f1": 0.5047852360733426
}