{
    "accuracy": 0.6481481481481481,
    "macro_f1": 0.6682389937106918
}