{
    "accuracy": 0.8510971786833855,
    "macro_f1": 0.674717105864647
}