{
    "accuracy": 0.9325250395361097,
    "macro_f1": 0.45161646431375774
}