{
    "6": {
        "accuracy": 0.8959810874704491,
        "macro_f1": 0.6774315468308166
    },
    "2": {
        "accuracy": 0.8123324396782842,
        "macro_f1": 0.7131795826330497
    },
    "8": {
        "accuracy": 0.9110070257611241,
        "macro_f1": 0.7334362283545587
    },
    "3": {
        "accuracy": 0.8530465949820788,
        "macro_f1": 0.7306585484759921
    },
    "5": {
        "accuracy": 0.9261025029797377,
        "macro_f1": 0.7449967241918816
    },
    "7": {
        "accuracy": 0.9184549356223176,
        "macro_f1": 0.8522966560370734
    },
    "9": {
        "accuracy": 0.8495297805642633,
        "macro_f1": 0.6829505637046567
    },
    "0": {
        "accuracy": 0.8781609195402299,
        "macro_f1": 0.657737789460933
    },
    "4": {
        "accuracy": 0.8269230769230769,
        "macro_f1": 0.7260061585408005
    },
    "1": {
        "accuracy": 0.8908296943231441,
        "macro_f1": 0.7444416733741249
    },
    "avg": {
        "accuracy": 0.8762368057844705,
        "f1_score": 0.7263135471603888
    }
}