{
    "accuracy": 0.9730052556139512,
    "macro_f1": 0.4699743488738686
}