{
    "accuracy": 0.8755458515283843,
    "macro_f1": 0.7176840969190695
}