{
    "accuracy": 0.8817966903073287,
    "macro_f1": 0.6536142168619947
}