{
    "accuracy": 0.8271604938271605,
    "macro_f1": 0.7412161715079733
}