{
    "accuracy": 0.9789775441949355,
    "macro_f1": 0.7695438187854117
}