{
    "accuracy": 0.9676464368788328,
    "macro_f1": 0.47967418778465176
}