{
    "6": {
        "acc": 0.8959810874704491,
        "f1": 0.7072600572600573
    },
    "2": {
        "acc": 0.8230563002680965,
        "f1": 0.7494994994994996
    },
    "8": {
        "acc": 0.9063231850117096,
        "f1": 0.7373280979063606
    },
    "3": {
        "acc": 0.8870967741935484,
        "f1": 0.7497076217755295
    },
    "5": {
        "acc": 0.933253873659118,
        "f1": 0.7505725206540942
    },
    "7": {
        "acc": 0.9098712446351931,
        "f1": 0.8563626468436829
    },
    "9": {
        "acc": 0.8463949843260188,
        "f1": 0.6607986135191818
    },
    "0": {
        "acc": 0.8620689655172413,
        "f1": 0.5827307648817946
    },
    "4": {
        "acc": 0.8104395604395604,
        "f1": 0.6774156458922241
    },
    "1": {
        "acc": 0.8864628820960698,
        "f1": 0.7501199310662225
    },
    "avg": {
        "accuracy": 0.8760948857617006,
        "f1_score": 0.7221795399298647
    }
}