{
    "6": {
        "accuracy": 0.8959810874704491,
        "macro_f1": 0.7489504170372167
    },
    "2": {
        "accuracy": 0.8284182305630027,
        "macro_f1": 0.7693739324431222
    },
    "8": {
        "accuracy": 0.892271662763466,
        "macro_f1": 0.7192916942916942
    },
    "3": {
        "accuracy": 0.8620071684587813,
        "macro_f1": 0.7027801146685951
    },
    "5": {
        "accuracy": 0.9225268176400476,
        "macro_f1": 0.7600371492226854
    },
    "7": {
        "accuracy": 0.8884120171673819,
        "macro_f1": 0.8034196819371751
    },
    "9": {
        "accuracy": 0.8307210031347962,
        "macro_f1": 0.6208930472446089
    },
    "0": {
        "accuracy": 0.8275862068965517,
        "macro_f1": 0.5697761827162916
    },
    "4": {
        "accuracy": 0.7994505494505495,
        "macro_f1": 0.6731227039566553
    },
    "1": {
        "accuracy": 0.8820960698689956,
        "macro_f1": 0.7394827269575396
    },
    "avg": {
        "accuracy": 0.862947081341402,
        "f1_score": 0.7107127650475584
    }
}