{
    "accuracy": 0.930870083432658,
    "macro_f1": 0.7685124669778446
}