{
    "accuracy": 0.8969555035128806,
    "macro_f1": 0.6894151839436136
}