{
    "accuracy": 0.9237187127532777,
    "macro_f1": 0.7528004462375452
}