{
    "accuracy": 0.8875878220140515,
    "macro_f1": 0.7080756036416412
}