{
    "accuracy": 0.9317343173431735,
    "macro_f1": 0.41589556280344026
}