{
    "accuracy": 0.9804061275382971,
    "macro_f1": 0.5980710683004287
}