{
    "accuracy": 0.9651500484027106,
    "macro_f1": 0.4209267093207693
}