{
    "accuracy": 0.8290598290598291,
    "macro_f1": 0.6630739897101153
}