{
    "6": {
        "accuracy": 0.8817966903073287,
        "macro_f1": 0.7016783678303787
    },
    "2": {
        "accuracy": 0.8176943699731903,
        "macro_f1": 0.7504484021725402
    },
    "8": {
        "accuracy": 0.8875878220140515,
        "macro_f1": 0.7080756036416412
    },
    "3": {
        "accuracy": 0.8566308243727598,
        "macro_f1": 0.6226920060953675
    },
    "5": {
        "accuracy": 0.9201430274135876,
        "macro_f1": 0.7049352771891026
    },
    "7": {
        "accuracy": 0.8991416309012875,
        "macro_f1": 0.8364389628513161
    },
    "9": {
        "accuracy": 0.8322884012539185,
        "macro_f1": 0.6558335856553916
    },
    "0": {
        "accuracy": 0.8206896551724138,
        "macro_f1": 0.6023650117707416
    },
    "4": {
        "accuracy": 0.8076923076923077,
        "macro_f1": 0.6840053493547593
    },
    "1": {
        "accuracy": 0.8799126637554585,
        "macro_f1": 0.7581390816079789
    },
    "avg": {
        "accuracy": 0.8603577392856303,
        "f1_score": 0.7024611648169218
    }
}