{
    "accuracy": 0.9356376638855781,
    "macro_f1": 0.7627685849725324
}