{
    "accuracy": 0.8959810874704491,
    "macro_f1": 0.6774315468308166
}