{
    "accuracy": 0.6867088607594937,
    "macro_f1": 0.37490754567734597
}