{
    "accuracy": 0.8755458515283843,
    "macro_f1": 0.752793508468355
}