{
    "accuracy": 0.8150134048257373,
    "macro_f1": 0.7195458567117822
}