{
    "accuracy": 0.9576369996113486,
    "macro_f1": 0.37934890629725915
}