{
    "accuracy": 0.9078014184397163,
    "macro_f1": 0.7024250765837601
}