{
    "accuracy": 0.7338709677419355,
    "macro_f1": 0.40814075322084475
}