{
    "accuracy": 0.9821873886711792,
    "macro_f1": 0.47725065761928354
}