{
    "6": {
        "accuracy": 0.900709219858156,
        "macro_f1": 0.6739028196548901
    },
    "2": {
        "accuracy": 0.8471849865951743,
        "macro_f1": 0.7630400855971029
    },
    "8": {
        "accuracy": 0.9297423887587822,
        "macro_f1": 0.8505670990838708
    },
    "3": {
        "accuracy": 0.8548387096774194,
        "macro_f1": 0.7166038705152907
    },
    "5": {
        "accuracy": 0.9380214541120382,
        "macro_f1": 0.7910232329007654
    },
    "7": {
        "accuracy": 0.8991416309012875,
        "macro_f1": 0.8077005937076196
    },
    "9": {
        "accuracy": 0.8463949843260188,
        "macro_f1": 0.6536001207702867
    },
    "0": {
        "accuracy": 0.8896551724137931,
        "macro_f1": 0.6675922384234675
    },
    "4": {
        "accuracy": 0.8434065934065934,
        "macro_f1": 0.7472639472906434
    },
    "1": {
        "accuracy": 0.8908296943231441,
        "macro_f1": 0.7761424838692476
    },
    "avg": {
        "accuracy": 0.8839924834372408,
        "f1_score": 0.7447436491813185
    }
}