{
    "jruby-1": {
        "accuracy": 0.6978260869565217,
        "macro_f1": 0.6309672865241656
    },
    "sql12": {
        "accuracy": 0.7927927927927928,
        "macro_f1": 0.691617048425796
    },
    "tesoro_as_extra_data": {
        "accuracy": 0.5942812982998454,
        "macro_f1": 0.5194114402423501
    },
    "jfreechart-1": {
        "accuracy": 0.6574074074074074,
        "macro_f1": 0.6490847961390757
    },
    "emf-2": {
        "accuracy": 0.8271604938271605,
        "macro_f1": 0.7412161715079733
    },
    "jEdit-4": {
        "accuracy": 0.8333333333333334,
        "macro_f1": 0.6818243766677187
    },
    "apache-jmeter-2": {
        "accuracy": 0.7753164556962026,
        "macro_f1": 0.5971598175932542
    },
    "columba-1": {
        "accuracy": 0.76875,
        "macro_f1": 0.8118806314939462
    },
    "apache-ant-1": {
        "accuracy": 0.7338709677419355,
        "macro_f1": 0.4202063185041909
    },
    "hibernate-distribution-3": {
        "accuracy": 0.7547169811320755,
        "macro_f1": 0.7134914772930994
    },
    "argouml": {
        "accuracy": 0.6777875329236172,
        "macro_f1": 0.5548325020217986
    },
    "avg": {
        "accuracy": 0.7375675772828082,
        "f1_score": 0.6374265333103062
    }
}