{
    "accuracy": 0.8951965065502183,
    "macro_f1": 0.7659163159278792
}