{
    "accuracy": 0.9706356889319135,
    "macro_f1": 0.8180066948166476
}