{
    "accuracy": 0.8733905579399142,
    "macro_f1": 0.7825505816400171
}