{
    "accuracy": 0.8275862068965517,
    "macro_f1": 0.5697761827162916
}