{
    "accuracy": 0.6978260869565217,
    "macro_f1": 0.6309672865241656
}