{
    "accuracy": 0.8866331297161336,
    "macro_f1": 0.5559070082240035
}