{
    "accuracy": 0.835423197492163,
    "macro_f1": 0.6497811624009889
}