{
    "accuracy": 0.6388888888888888,
    "macro_f1": 0.6565951580942535
}