{
    "6": {
        "EMR": 0.3448275862068966,
        "f1": 0.42145593869731807
    },
    "2": {
        "EMR": 0.4368932038834951,
        "f1": 0.5258899676375404
    },
    "8": {
        "EMR": 0.3577981651376147,
        "f1": 0.3883792048929664
    },
    "3": {
        "EMR": 0.4051724137931034,
        "f1": 0.45114942528735635
    },
    "5": {
        "EMR": 0.4634146341463415,
        "f1": 0.5013550135501355
    },
    "7": {
        "EMR": 0.3185840707964602,
        "f1": 0.3539823008849558
    },
    "9": {
        "EMR": 0.31851851851851853,
        "f1": 0.34814814814814815
    },
    "0": {
        "EMR": 0.35714285714285715,
        "f1": 0.445578231292517
    },
    "4": {
        "EMR": 0.2872340425531915,
        "f1": 0.38652482269503546
    },
    "1": {
        "EMR": 0.24731182795698925,
        "f1": 0.35483870967741943
    },
    "avg": {
        "accuracy": 0.3536897320135468,
        "f1_score": 0.4177301762763392
    }
}