{
    "accuracy": 0.8888888888888888,
    "macro_f1": 0.6705378534481751
}