{
    "accuracy": 0.8888888888888888,
    "macro_f1": 0.7503463478635103
}