{
    "accuracy": 0.76875,
    "macro_f1": 0.8118806314939462
}