{
    "accuracy": 0.8021978021978022,
    "macro_f1": 0.6083136980739822
}