{
    "accuracy": 0.7816455696202531,
    "macro_f1": 0.5949328023892483
}