{
    "accuracy": 0.8745519713261649,
    "macro_f1": 0.7448168337181408
}