{
    "accuracy": 0.975394171046345,
    "macro_f1": 0.4909527368663462
}