{
    "accuracy": 0.8857348185411427,
    "macro_f1": 0.5600394623542239
}