{
    "accuracy": 0.9731154454401687,
    "macro_f1": 0.9395033682192429
}