{
    "accuracy": 0.8134796238244514,
    "macro_f1": 0.5818875754316379
}