{
    "accuracy": 0.8310991957104558,
    "macro_f1": 0.7996561179283229
}