{
    "accuracy": 0.8620071684587813,
    "macro_f1": 0.7620451447759929
}