{
    "accuracy": 0.9518505210204815,
    "macro_f1": 0.929034891498676
}