{
    "accuracy": 0.8206896551724138,
    "macro_f1": 0.6023650117707416
}