{
    "6": {
        "acc": 0.8983451536643026,
        "f1": 0.6742582865626905
    },
    "2": {
        "acc": 0.8150134048257373,
        "f1": 0.7486392951409225
    },
    "8": {
        "acc": 0.9250585480093677,
        "f1": 0.793931537942035
    },
    "3": {
        "acc": 0.8817204301075269,
        "f1": 0.6940548281850282
    },
    "5": {
        "acc": 0.933253873659118,
        "f1": 0.7539512443214109
    },
    "7": {
        "acc": 0.9055793991416309,
        "f1": 0.8370163185288056
    },
    "9": {
        "acc": 0.8589341692789969,
        "f1": 0.6928908888604083
    },
    "0": {
        "acc": 0.8827586206896552,
        "f1": 0.8024164466138032
    },
    "4": {
        "acc": 0.8324175824175825,
        "f1": 0.7352237234603632
    },
    "1": {
        "acc": 0.8930131004366813,
        "f1": 0.7926473889183422
    },
    "avg": {
        "accuracy": 0.8826094282230599,
        "f1_score": 0.752502995853381
    }
}