{
    "6": {
        "accuracy": 0.900709219858156,
        "macro_f1": 0.7326417572678788
    },
    "2": {
        "accuracy": 0.8176943699731903,
        "macro_f1": 0.7362427280884533
    },
    "8": {
        "accuracy": 0.8852459016393442,
        "macro_f1": 0.6683434972377819
    },
    "3": {
        "accuracy": 0.8763440860215054,
        "macro_f1": 0.7153956455931502
    },
    "5": {
        "accuracy": 0.9368295589988082,
        "macro_f1": 0.7836895696874703
    },
    "7": {
        "accuracy": 0.8948497854077253,
        "macro_f1": 0.8255204194605817
    },
    "9": {
        "accuracy": 0.835423197492163,
        "macro_f1": 0.6497811624009889
    },
    "0": {
        "accuracy": 0.8827586206896552,
        "macro_f1": 0.7777732257994273
    },
    "4": {
        "accuracy": 0.8241758241758241,
        "macro_f1": 0.7275266335910157
    },
    "1": {
        "accuracy": 0.8864628820960698,
        "macro_f1": 0.7885698976980252
    },
    "avg": {
        "accuracy": 0.8740493446352442,
        "f1_score": 0.7405484536824772
    }
}