{
    "accuracy": 0.8969957081545065,
    "macro_f1": 0.8207515874540965
}