{
    "accuracy": 0.6782608695652174,
    "macro_f1": 0.4275797192696567
}