{
    "accuracy": 0.8214285714285714,
    "macro_f1": 0.6946370793396398
}