{
    "6": {
        "accuracy": 0.8959810874704491,
        "macro_f1": 0.6827922077922078
    },
    "2": {
        "accuracy": 0.8096514745308311,
        "macro_f1": 0.7511928965643757
    },
    "8": {
        "accuracy": 0.8992974238875878,
        "macro_f1": 0.7186282239408549
    },
    "3": {
        "accuracy": 0.8512544802867383,
        "macro_f1": 0.6899632737521494
    },
    "5": {
        "accuracy": 0.9284862932061978,
        "macro_f1": 0.7331912675137807
    },
    "7": {
        "accuracy": 0.9141630901287554,
        "macro_f1": 0.8469842387133104
    },
    "9": {
        "accuracy": 0.8557993730407524,
        "macro_f1": 0.7004561286900487
    },
    "0": {
        "accuracy": 0.8551724137931035,
        "macro_f1": 0.5441321600969885
    },
    "4": {
        "accuracy": 0.8324175824175825,
        "macro_f1": 0.7110835887447128
    },
    "1": {
        "accuracy": 0.8995633187772926,
        "macro_f1": 0.760106740628677
    },
    "avg": {
        "accuracy": 0.8741786537539291,
        "f1_score": 0.7138530726437107
    }
}