{
    "accuracy": 0.8733624454148472,
    "macro_f1": 0.7532769283243667
}