{
    "accuracy": 0.7160493827160493,
    "macro_f1": 0.5978399489877252
}