{
    "jruby-1": {
        "accuracy": 0.9720611491829204,
        "macro_f1": 0.9349299730765248
    },
    "sql12": {
        "accuracy": 0.9781386633354153,
        "macro_f1": 0.8713296030318671
    },
    "jfreechart-1": {
        "accuracy": 0.9770695685969685,
        "macro_f1": 0.8640468989703685
    },
    "emf-2": {
        "accuracy": 0.9843249020306377,
        "macro_f1": 0.8293201994405934
    },
    "jEdit-4": {
        "accuracy": 0.9695495876506661,
        "macro_f1": 0.8055349946541657
    },
    "apache-jmeter-2": {
        "accuracy": 0.9812319538017324,
        "macro_f1": 0.9305825729211904
    },
    "columba-1": {
        "accuracy": 0.9904443382704252,
        "macro_f1": 0.9354037267080746
    },
    "apache-ant-1": {
        "accuracy": 0.9677315262988061,
        "macro_f1": 0.774230679566383
    },
    "hibernate-distribution-3": {
        "accuracy": 0.9565727699530516,
        "macro_f1": 0.9183347797365387
    },
    "argouml": {
        "accuracy": 0.9538268056054617,
        "macro_f1": 0.9318452280982361
    },
    "avg": {
        "accuracy": 0.9730951264726084,
        "f1_score": 0.8795558656203942
    }
}