{
    "accuracy": 0.9356376638855781,
    "macro_f1": 0.7781141073728879
}