{
    "accuracy": 0.9686995805098418,
    "macro_f1": 0.3660446101149186
}