{
    "accuracy": 0.9607462106490477,
    "macro_f1": 0.39893910879773675
}