{
    "accuracy": 0.9751552795031055,
    "macro_f1": 0.4512692448353424
}