{
    "accuracy": 0.8376068376068376,
    "macro_f1": 0.7056015037593986
}