{
    "accuracy": 0.9899665551839465,
    "macro_f1": 0.9341350476532997
}