{
    "6": {
        "accuracy": 0.8770685579196218,
        "macro_f1": 0.6783348191692457
    },
    "2": {
        "accuracy": 0.8150134048257373,
        "macro_f1": 0.7053085794569794
    },
    "8": {
        "accuracy": 0.8758782201405152,
        "macro_f1": 0.6628979204191211
    },
    "3": {
        "accuracy": 0.8888888888888888,
        "macro_f1": 0.7241625742885659
    },
    "5": {
        "accuracy": 0.9415971394517283,
        "macro_f1": 0.782858200030379
    },
    "7": {
        "accuracy": 0.8905579399141631,
        "macro_f1": 0.8067826904641683
    },
    "9": {
        "accuracy": 0.8385579937304075,
        "macro_f1": 0.6381776589331479
    },
    "0": {
        "accuracy": 0.8528735632183908,
        "macro_f1": 0.5567218028688873
    },
    "4": {
        "accuracy": 0.8104395604395604,
        "macro_f1": 0.5974146401700581
    },
    "1": {
        "accuracy": 0.8930131004366813,
        "macro_f1": 0.7925689035520279
    },
    "avg": {
        "accuracy": 0.8683888368965695,
        "f1_score": 0.6945227789352579
    }
}