{
    "accuracy": 0.804945054945055,
    "macro_f1": 0.7232669690154823
}