{
    "accuracy": 0.8214285714285714,
    "macro_f1": 0.7078900707561143
}