{
    "accuracy": 0.7837837837837838,
    "macro_f1": 0.7642348936466583
}