{
    "accuracy": 0.7741935483870968,
    "macro_f1": 0.5884092405831536
}