{
    "accuracy": 0.8865248226950354,
    "macro_f1": 0.5606510823011179
}