{
    "accuracy": 0.6782608695652174,
    "macro_f1": 0.40726315478999525
}