{
    "accuracy": 0.8338557993730408,
    "macro_f1": 0.7030723069731558
}