{
    "accuracy": 0.9648974413195178,
    "macro_f1": 0.6022247107477773
}