{
    "accuracy": 0.8798283261802575,
    "macro_f1": 0.8066408202547585
}