{
    "accuracy": 0.8418803418803419,
    "macro_f1": 0.5374572795625427
}