{
    "accuracy": 0.8186813186813187,
    "macro_f1": 0.6515690469915043
}