{
    "accuracy": 0.8691756272401434,
    "macro_f1": 0.7134970345728261
}