{
    "accuracy": 0.8547008547008547,
    "macro_f1": 0.709961814914645
}