{
    "accuracy": 0.9063231850117096,
    "macro_f1": 0.731970911550282
}