{
    "accuracy": 0.8820960698689956,
    "macro_f1": 0.750264484944906
}