{
    "accuracy": 0.9151017214397497,
    "macro_f1": 0.40524204052213203
}