{
    "accuracy": 0.7901234567901234,
    "macro_f1": 0.6504029304029304
}