{
    "jruby-1": {
        "accuracy": 0.9681075382182394,
        "macro_f1": 0.9252359857577154
    },
    "sql12": {
        "accuracy": 0.9785550697480742,
        "macro_f1": 0.8811853865727759
    },
    "jfreechart-1": {
        "accuracy": 0.9817333851535173,
        "macro_f1": 0.8907801034116823
    },
    "emf-2": {
        "accuracy": 0.9861061631635197,
        "macro_f1": 0.8561505863802109
    },
    "jEdit-4": {
        "accuracy": 0.9737788115880736,
        "macro_f1": 0.8496124365003159
    },
    "apache-jmeter-2": {
        "accuracy": 0.9773820981713186,
        "macro_f1": 0.9197461221088892
    },
    "columba-1": {
        "accuracy": 0.9897276636407071,
        "macro_f1": 0.9335259870115722
    },
    "apache-ant-1": {
        "accuracy": 0.9638593094546628,
        "macro_f1": 0.784667765182347
    },
    "hibernate-distribution-3": {
        "accuracy": 0.9628325508607198,
        "macro_f1": 0.9298233850954025
    },
    "argouml": {
        "accuracy": 0.9556234279554437,
        "macro_f1": 0.9348105447251978
    },
    "avg": {
        "accuracy": 0.9737706017954277,
        "f1_score": 0.8905538302746109
    }
}