{
    "accuracy": 0.9110070257611241,
    "macro_f1": 0.7334362283545587
}