{
    "accuracy": 0.96390760346487,
    "macro_f1": 0.6015762470711405
}