{
    "accuracy": 0.8255459027940831,
    "macro_f1": 0.5430255386413004
}