{
    "accuracy": 0.8123324396782842,
    "macro_f1": 0.7237309021375905
}