{
    "accuracy": 0.8482758620689655,
    "macro_f1": 0.5279153163595751
}