{
    "accuracy": 0.9681075382182394,
    "macro_f1": 0.9252359857577154
}