{
    "6": {
        "EMR": 0.367816091954023,
        "f1": 0.41379310344827586
    },
    "2": {
        "EMR": 0.46601941747572817,
        "f1": 0.5113268608414238
    },
    "8": {
        "EMR": 0.43119266055045874,
        "f1": 0.44954128440366975
    },
    "3": {
        "EMR": 0.4051724137931034,
        "f1": 0.4626436781609195
    },
    "5": {
        "EMR": 0.5203252032520326,
        "f1": 0.5528455284552846
    },
    "7": {
        "EMR": 0.3482142857142857,
        "f1": 0.3943452380952381
    },
    "9": {
        "EMR": 0.3014705882352941,
        "f1": 0.3455882352941176
    },
    "0": {
        "EMR": 0.2755102040816326,
        "f1": 0.3231292517006803
    },
    "4": {
        "EMR": 0.32978723404255317,
        "f1": 0.38652482269503546
    },
    "1": {
        "EMR": 0.36666666666666664,
        "f1": 0.4185185185185185
    },
    "avg": {
        "accuracy": 0.3812174765765778,
        "f1_score": 0.4258256521613163
    }
}