{
    "accuracy": 0.9565727699530516,
    "macro_f1": 0.9183347797365387
}