{
    "accuracy": 0.9550844412504491,
    "macro_f1": 0.9341169416473539
}