{
    "6": {
        "EMR": 0.3448275862068966,
        "f1": 0.3831417624521073
    },
    "2": {
        "EMR": 0.4174757281553398,
        "f1": 0.4498381877022653
    },
    "8": {
        "EMR": 0.3669724770642202,
        "f1": 0.42201834862385323
    },
    "3": {
        "EMR": 0.4051724137931034,
        "f1": 0.4454022988505747
    },
    "5": {
        "EMR": 0.5121951219512195,
        "f1": 0.5555555555555554
    },
    "7": {
        "EMR": 0.42342342342342343,
        "f1": 0.4534534534534534
    },
    "9": {
        "EMR": 0.28888888888888886,
        "f1": 0.3419753086419753
    },
    "0": {
        "EMR": 0.32653061224489793,
        "f1": 0.3537414965986395
    },
    "4": {
        "EMR": 0.3829787234042553,
        "f1": 0.4113475177304965
    },
    "1": {
        "EMR": 0.32222222222222224,
        "f1": 0.3796296296296297
    },
    "avg": {
        "accuracy": 0.37906871973544676,
        "f1_score": 0.419610355923855
    }
}