{
    "accuracy": 0.8637992831541219,
    "macro_f1": 0.7417348165319768
}