{
    "accuracy": 0.6909569798068481,
    "macro_f1": 0.49750054934785837
}