{
    "accuracy": 0.8930131004366813,
    "macro_f1": 0.8005083125277825
}