{
    "jruby-1": {
        "accuracy": 0.9325250395361097,
        "macro_f1": 0.45161646431375774
    },
    "sql12": {
        "accuracy": 0.9731417863835103,
        "macro_f1": 0.43892966629455893
    },
    "tesoro_as_extra_data": {
        "accuracy": 0.8361117633247241,
        "macro_f1": 0.5038616259496939
    },
    "jfreechart-1": {
        "accuracy": 0.9623008161678974,
        "macro_f1": 0.3973106402095684
    },
    "emf-2": {
        "accuracy": 0.982899893124332,
        "macro_f1": 0.5226815438083043
    },
    "jEdit-4": {
        "accuracy": 0.9648974413195178,
        "macro_f1": 0.6022247107477773
    },
    "apache-jmeter-2": {
        "accuracy": 0.9634263715110684,
        "macro_f1": 0.6053528175966193
    },
    "columba-1": {
        "accuracy": 0.975394171046345,
        "macro_f1": 0.4909527368663462
    },
    "apache-ant-1": {
        "accuracy": 0.9651500484027106,
        "macro_f1": 0.4209267093207693
    },
    "hibernate-distribution-3": {
        "accuracy": 0.9291862284820032,
        "macro_f1": 0.5058781393138647
    },
    "argouml": {
        "accuracy": 0.8920229967660798,
        "macro_f1": 0.5202537725496992
    },
    "avg": {
        "accuracy": 0.9433687778240271,
        "f1_score": 0.4963626206337235
    }
}