{
    "accuracy": 0.8776824034334764,
    "macro_f1": 0.7855855763074308
}