{
    "accuracy": 0.6707638279192274,
    "macro_f1": 0.5514483125035973
}