{
    "accuracy": 0.9233176838810642,
    "macro_f1": 0.6219375286287179
}