{
    "accuracy": 0.8827586206896552,
    "macro_f1": 0.6618522055277171
}