{
    "accuracy": 0.9866220735785953,
    "macro_f1": 0.9151168584373298
}