{
    "accuracy": 0.888646288209607,
    "macro_f1": 0.781462011812127
}