{
    "accuracy": 0.6020092735703245,
    "macro_f1": 0.5044610646881017
}