{
    "accuracy": 0.8495297805642633,
    "macro_f1": 0.6607116496613656
}