{
    "accuracy": 0.9868186676166726,
    "macro_f1": 0.8740970259894074
}