{
    "accuracy": 0.8551724137931035,
    "macro_f1": 0.5441321600969885
}