{
    "accuracy": 0.8418230563002681,
    "macro_f1": 0.7688526137285482
}