{
    "accuracy": 0.9698105350822402,
    "macro_f1": 0.4023198771048277
}