{
    "accuracy": 0.6956521739130435,
    "macro_f1": 0.6489631332261395
}