{
    "accuracy": 0.9039301310043668,
    "macro_f1": 0.8179161383769187
}