{
    "accuracy": 0.8948497854077253,
    "macro_f1": 0.819963926720706
}