{
    "6": {
        "accuracy": 0.8959810874704491,
        "macro_f1": 0.6767201922899675
    },
    "2": {
        "accuracy": 0.7989276139410187,
        "macro_f1": 0.7153986717053868
    },
    "8": {
        "accuracy": 0.9297423887587822,
        "macro_f1": 0.8163046176092892
    },
    "3": {
        "accuracy": 0.8709677419354839,
        "macro_f1": 0.6672201832207522
    },
    "5": {
        "accuracy": 0.9356376638855781,
        "macro_f1": 0.7781141073728879
    },
    "7": {
        "accuracy": 0.9184549356223176,
        "macro_f1": 0.8577283607418612
    },
    "9": {
        "accuracy": 0.8510971786833855,
        "macro_f1": 0.6781089262105771
    },
    "0": {
        "accuracy": 0.8551724137931035,
        "macro_f1": 0.781000037578985
    },
    "4": {
        "accuracy": 0.8324175824175825,
        "macro_f1": 0.7185847268453367
    },
    "1": {
        "accuracy": 0.8864628820960698,
        "macro_f1": 0.7968821709247242
    },
    "avg": {
        "accuracy": 0.8774861488603772,
        "f1_score": 0.7486061994499768
    }
}