{
    "accuracy": 0.9746968898260411,
    "macro_f1": 0.9426557968618634
}