{
    "accuracy": 0.7419354838709677,
    "macro_f1": 0.4695616466481881
}