{
    "accuracy": 0.8827586206896552,
    "macro_f1": 0.7777732257994273
}