{
    "accuracy": 0.7338709677419355,
    "macro_f1": 0.5198013750954927
}