{
    "accuracy": 0.806970509383378,
    "macro_f1": 0.6987764898723802
}