{
    "accuracy": 0.9768275203057811,
    "macro_f1": 0.6803567367257682
}