{
    "jruby-1": {
        "accuracy": 0.6782608695652174,
        "macro_f1": 0.4275797192696567
    },
    "sql12": {
        "accuracy": 0.7747747747747747,
        "macro_f1": 0.6906326075291591
    },
    "tesoro_as_extra_data": {
        "accuracy": 0.5587326120556414,
        "macro_f1": 0.44141952509167687
    },
    "jfreechart-1": {
        "accuracy": 0.5833333333333334,
        "macro_f1": 0.5710773608629476
    },
    "emf-2": {
        "accuracy": 0.8148148148148148,
        "macro_f1": 0.7333811573409852
    },
    "jEdit-4": {
        "accuracy": 0.8418803418803419,
        "macro_f1": 0.5374572795625427
    },
    "apache-jmeter-2": {
        "accuracy": 0.7689873417721519,
        "macro_f1": 0.5746416345742404
    },
    "columba-1": {
        "accuracy": 0.65,
        "macro_f1": 0.5988181993445151
    },
    "apache-ant-1": {
        "accuracy": 0.8145161290322581,
        "macro_f1": 0.6792298217445526
    },
    "hibernate-distribution-3": {
        "accuracy": 0.7594339622641509,
        "macro_f1": 0.347598720843208
    },
    "argouml": {
        "accuracy": 0.6637401229148375,
        "macro_f1": 0.4828782323392556
    },
    "avg": {
        "accuracy": 0.7189522093097747,
        "f1_score": 0.5531558416820673
    }
}