{
    "jruby-1": {
        "accuracy": 0.6347826086956522,
        "macro_f1": 0.3818157613065728
    },
    "sql12": {
        "accuracy": 0.7837837837837838,
        "macro_f1": 0.6302526981719959
    },
    "tesoro_as_extra_data": {
        "accuracy": 0.6020092735703245,
        "macro_f1": 0.5044610646881017
    },
    "jfreechart-1": {
        "accuracy": 0.5462962962962963,
        "macro_f1": 0.5731431688878498
    },
    "emf-2": {
        "accuracy": 0.7901234567901234,
        "macro_f1": 0.6504029304029304
    },
    "jEdit-4": {
        "accuracy": 0.8290598290598291,
        "macro_f1": 0.6630739897101153
    },
    "apache-jmeter-2": {
        "accuracy": 0.7816455696202531,
        "macro_f1": 0.5949328023892483
    },
    "columba-1": {
        "accuracy": 0.66875,
        "macro_f1": 0.6606179441473559
    },
    "apache-ant-1": {
        "accuracy": 0.7258064516129032,
        "macro_f1": 0.4963766625531331
    },
    "hibernate-distribution-3": {
        "accuracy": 0.7665094339622641,
        "macro_f1": 0.4297022699704952
    },
    "argouml": {
        "accuracy": 0.6698858647936786,
        "macro_f1": 0.47668847404860354
    },
    "avg": {
        "accuracy": 0.7089684152895553,
        "f1_score": 0.5510425242069457
    }
}