{
    "accuracy": 0.9525986525505293,
    "macro_f1": 0.4365395483367924
}