{
    "6": {
        "EMR": 0.36046511627906974,
        "f1": 0.4147286821705427
    },
    "2": {
        "EMR": 0.42718446601941745,
        "f1": 0.4530744336569578
    },
    "8": {
        "EMR": 0.37962962962962965,
        "f1": 0.4166666666666667
    },
    "3": {
        "EMR": 0.3620689655172414,
        "f1": 0.41379310344827586
    },
    "5": {
        "EMR": 0.512396694214876,
        "f1": 0.5289256198347108
    },
    "7": {
        "EMR": 0.5,
        "f1": 0.5424242424242424
    },
    "9": {
        "EMR": 0.3684210526315789,
        "f1": 0.40350877192982454
    },
    "0": {
        "EMR": 0.30612244897959184,
        "f1": 0.32653061224489793
    },
    "4": {
        "EMR": 0.3763440860215054,
        "f1": 0.4121863799283154
    },
    "1": {
        "EMR": 0.3218390804597701,
        "f1": 0.3371647509578544
    },
    "avg": {
        "accuracy": 0.3914471539752681,
        "f1_score": 0.42490032632622887
    }
}