{
    "accuracy": 0.9604851330203443,
    "macro_f1": 0.9264306365176552
}