{
    "accuracy": 0.8432601880877743,
    "macro_f1": 0.6619156231077848
}