{
    "accuracy": 0.9213349225268176,
    "macro_f1": 0.7342419577469106
}