{
    "accuracy": 0.9706433479075578,
    "macro_f1": 0.5006362310564247
}