{
    "accuracy": 0.8691756272401434,
    "macro_f1": 0.7154844420901872
}