{
    "accuracy": 0.8183908045977012,
    "macro_f1": 0.5849555582339854
}