{
    "accuracy": 0.6347826086956522,
    "macro_f1": 0.3818157613065728
}