{
    "accuracy": 0.8307210031347962,
    "macro_f1": 0.6208930472446089
}