{
    "accuracy": 0.8936170212765957,
    "macro_f1": 0.6951040161962688
}