{
    "accuracy": 0.9737788115880736,
    "macro_f1": 0.8496124365003159
}