{
    "accuracy": 0.8852459016393442,
    "macro_f1": 0.6683434972377819
}