{
    "accuracy": 0.6391571553994733,
    "macro_f1": 0.3985966657109598
}