{
    "6": {
        "accuracy": 0.8581560283687943,
        "macro_f1": 0.48167677257660274
    },
    "2": {
        "accuracy": 0.8203753351206434,
        "macro_f1": 0.7446186166300905
    },
    "8": {
        "accuracy": 0.892271662763466,
        "macro_f1": 0.7200013606579062
    },
    "3": {
        "accuracy": 0.8369175627240143,
        "macro_f1": 0.6916712885359964
    },
    "5": {
        "accuracy": 0.9237187127532777,
        "macro_f1": 0.7452681619042077
    },
    "7": {
        "accuracy": 0.8669527896995708,
        "macro_f1": 0.7753110531763756
    },
    "9": {
        "accuracy": 0.8134796238244514,
        "macro_f1": 0.5818875754316379
    },
    "0": {
        "accuracy": 0.8436781609195402,
        "macro_f1": 0.5097853301901987
    },
    "4": {
        "accuracy": 0.8186813186813187,
        "macro_f1": 0.6184114015976762
    },
    "1": {
        "accuracy": 0.8908296943231441,
        "macro_f1": 0.6146649356915225
    },
    "avg": {
        "accuracy": 0.8565060889178222,
        "f1_score": 0.6483296496392215
    }
}