{
    "accuracy": 0.832183908045977,
    "macro_f1": 0.5121391281472107
}