{
    "accuracy": 0.7258064516129032,
    "macro_f1": 0.4963766625531331
}