{
    "accuracy": 0.8923823212360762,
    "macro_f1": 0.5322091712086056
}