{
    "accuracy": 0.8974970202622169,
    "macro_f1": 0.7168112775615576
}