{
    "accuracy": 0.8042895442359249,
    "macro_f1": 0.7356323679853091
}