{
    "accuracy": 0.9654100272055965,
    "macro_f1": 0.5591037504798972
}