{
    "accuracy": 0.9225268176400476,
    "macro_f1": 0.7600371492226854
}