{
    "accuracy": 0.8369175627240143,
    "macro_f1": 0.6916712885359964
}