{
    "accuracy": 0.9776227141482194,
    "macro_f1": 0.9204848083867556
}