{
    "accuracy": 0.9781039461020212,
    "macro_f1": 0.9245920761025934
}