{
    "accuracy": 0.9735673503912032,
    "macro_f1": 0.5205348725117288
}