{
    "6": {
        "accuracy": 0.8699763593380615,
        "macro_f1": 0.6515494713075358
    },
    "2": {
        "accuracy": 0.8150134048257373,
        "macro_f1": 0.7470244330542362
    },
    "8": {
        "accuracy": 0.882903981264637,
        "macro_f1": 0.6615178683712862
    },
    "3": {
        "accuracy": 0.8566308243727598,
        "macro_f1": 0.6800167599695901
    },
    "5": {
        "accuracy": 0.933253873659118,
        "macro_f1": 0.7584219339074698
    },
    "7": {
        "accuracy": 0.8819742489270386,
        "macro_f1": 0.8228790491217284
    },
    "9": {
        "accuracy": 0.8401253918495298,
        "macro_f1": 0.6728112879821174
    },
    "0": {
        "accuracy": 0.8528735632183908,
        "macro_f1": 0.6315754357316675
    },
    "4": {
        "accuracy": 0.8104395604395604,
        "macro_f1": 0.7328723955335558
    },
    "1": {
        "accuracy": 0.8820960698689956,
        "macro_f1": 0.7532271770591179
    },
    "avg": {
        "accuracy": 0.8625287277763828,
        "f1_score": 0.7111895812038306
    }
}