{
    "accuracy": 0.9296257248286769,
    "macro_f1": 0.46490391230985423
}