{
    "accuracy": 0.9897276636407071,
    "macro_f1": 0.9335259870115722
}