{
    "accuracy": 0.8566308243727598,
    "macro_f1": 0.6800167599695901
}