{
    "accuracy": 0.9417501317870322,
    "macro_f1": 0.4842754504799722
}