{
    "accuracy": 0.8557993730407524,
    "macro_f1": 0.7004561286900487
}