{
    "accuracy": 0.66900790166813,
    "macro_f1": 0.4491925801075304
}