{
    "accuracy": 0.8405017921146953,
    "macro_f1": 0.6925709176616267
}