{
    "accuracy": 0.9764196342637151,
    "macro_f1": 0.9189046690623646
}