{
    "accuracy": 0.8406593406593407,
    "macro_f1": 0.6600813084404415
}