{
    "accuracy": 0.8584229390681004,
    "macro_f1": 0.6785260932048157
}