{
    "accuracy": 0.9317343173431735,
    "macro_f1": 0.4906873535624221
}