{
    "accuracy": 0.8844771828961552,
    "macro_f1": 0.3935980364133298
}