{
    "jruby-1": {
        "accuracy": 0.6760869565217391,
        "macro_f1": 0.5396597824738528
    },
    "sql12": {
        "accuracy": 0.8243243243243243,
        "macro_f1": 0.7630426613275836
    },
    "tesoro_as_extra_data": {
        "accuracy": 0.6290571870170015,
        "macro_f1": 0.5924201640221084
    },
    "jfreechart-1": {
        "accuracy": 0.6388888888888888,
        "macro_f1": 0.6155834405834406
    },
    "emf-2": {
        "accuracy": 0.7654320987654321,
        "macro_f1": 0.5962012469189503
    },
    "jEdit-4": {
        "accuracy": 0.8376068376068376,
        "macro_f1": 0.7056015037593986
    },
    "apache-jmeter-2": {
        "accuracy": 0.7816455696202531,
        "macro_f1": 0.6547478107356401
    },
    "columba-1": {
        "accuracy": 0.70625,
        "macro_f1": 0.7692969870875179
    },
    "apache-ant-1": {
        "accuracy": 0.7338709677419355,
        "macro_f1": 0.40814075322084475
    },
    "hibernate-distribution-3": {
        "accuracy": 0.75,
        "macro_f1": 0.4523895611963794
    },
    "argouml": {
        "accuracy": 0.6707638279192274,
        "macro_f1": 0.5514483125035973
    },
    "avg": {
        "accuracy": 0.7285387871277854,
        "f1_score": 0.6044120203481194
    }
}