{
    "accuracy": 0.871264367816092,
    "macro_f1": 0.580414743128052
}