{
    "accuracy": 0.8247863247863247,
    "macro_f1": 0.6266143650164269
}