{
    "accuracy": 0.8269230769230769,
    "macro_f1": 0.6808345934635017
}