{
    "accuracy": 0.8763440860215054,
    "macro_f1": 0.7153956455931502
}