{
    "accuracy": 0.8448275862068966,
    "macro_f1": 0.6615942340061999
}