{
    "accuracy": 0.9520301832554797,
    "macro_f1": 0.9302763966740912
}