{
    "jruby-1": {
        "accuracy": 0.9733790195044808,
        "macro_f1": 0.9390694299770059
    },
    "sql12": {
        "accuracy": 0.9825109306683323,
        "macro_f1": 0.8963692293782339
    },
    "tesoro_as_extra_data": {
        "accuracy": 0.9441183376379432,
        "macro_f1": 0.9319167462819056
    },
    "jfreechart-1": {
        "accuracy": 0.9782355227361057,
        "macro_f1": 0.8714996111669984
    },
    "emf-2": {
        "accuracy": 0.982899893124332,
        "macro_f1": 0.8397602397602397
    },
    "jEdit-4": {
        "accuracy": 0.9697610488475364,
        "macro_f1": 0.8110981218670432
    },
    "apache-jmeter-2": {
        "accuracy": 0.9793070259865255,
        "macro_f1": 0.9272077033368091
    },
    "columba-1": {
        "accuracy": 0.9913999044433827,
        "macro_f1": 0.9435443265599712
    },
    "apache-ant-1": {
        "accuracy": 0.9661181026137464,
        "macro_f1": 0.7733445153614737
    },
    "hibernate-distribution-3": {
        "accuracy": 0.9604851330203443,
        "macro_f1": 0.9264306365176552
    },
    "argouml": {
        "accuracy": 0.9518505210204815,
        "macro_f1": 0.929034891498676
    },
    "avg": {
        "accuracy": 0.9709150399639284,
        "f1_score": 0.8899341319732738
    }
}