{
    "accuracy": 0.937532946758039,
    "macro_f1": 0.43547468108950893
}