{
    "accuracy": 0.9623008161678974,
    "macro_f1": 0.3973106402095684
}