{
    "accuracy": 0.9712704269899842,
    "macro_f1": 0.934948517518138
}