{
    "6": {
        "accuracy": 0.8888888888888888,
        "macro_f1": 0.7294658435509627
    },
    "2": {
        "accuracy": 0.8042895442359249,
        "macro_f1": 0.7356323679853091
    },
    "8": {
        "accuracy": 0.8665105386416861,
        "macro_f1": 0.6680736361516176
    },
    "3": {
        "accuracy": 0.8620071684587813,
        "macro_f1": 0.734960497011377
    },
    "5": {
        "accuracy": 0.9070321811680572,
        "macro_f1": 0.6993490280602742
    },
    "7": {
        "accuracy": 0.8991416309012875,
        "macro_f1": 0.8143382370568886
    },
    "9": {
        "accuracy": 0.8307210031347962,
        "macro_f1": 0.6521980060341037
    },
    "0": {
        "accuracy": 0.8505747126436781,
        "macro_f1": 0.5372016011156747
    },
    "4": {
        "accuracy": 0.804945054945055,
        "macro_f1": 0.7232669690154823
    },
    "1": {
        "accuracy": 0.8820960698689956,
        "macro_f1": 0.7866554168586869
    },
    "avg": {
        "accuracy": 0.859620679288715,
        "f1_score": 0.7081141602840376
    }
}