{
    "accuracy": 0.9744333157617291,
    "macro_f1": 0.9420066635496773
}