{
    "accuracy": 0.9080459770114943,
    "macro_f1": 0.6986702876310161
}