{
    "accuracy": 0.7649572649572649,
    "macro_f1": 0.576101076445904
}