{
    "accuracy": 0.9731154454401687,
    "macro_f1": 0.9388532109221981
}