{
    "accuracy": 0.8581560283687943,
    "macro_f1": 0.48167677257660274
}