{
    "accuracy": 0.9628325508607198,
    "macro_f1": 0.9298233850954025
}