{
    "accuracy": 0.9201430274135876,
    "macro_f1": 0.7049352771891026
}