{
    "accuracy": 0.960093896713615,
    "macro_f1": 0.9267860352264559
}