{
    "accuracy": 0.680379746835443,
    "macro_f1": 0.4891802144586648
}