{
    "accuracy": 0.9368295589988082,
    "macro_f1": 0.7836895696874703
}