{
    "accuracy": 0.9086651053864169,
    "macro_f1": 0.7598578366572157
}