{
    "accuracy": 0.9821873886711792,
    "macro_f1": 0.5584928887677079
}