{
    "accuracy": 0.9794014768752429,
    "macro_f1": 0.8808722413776535
}