{
    "accuracy": 0.9661181026137464,
    "macro_f1": 0.7733445153614737
}