{
    "accuracy": 0.9669646327244462,
    "macro_f1": 0.46031554765622146
}