{
    "accuracy": 0.9110070257611241,
    "macro_f1": 0.7875719493816913
}