{
    "accuracy": 0.8505747126436781,
    "macro_f1": 0.53227219543827
}