{
    "accuracy": 0.8225806451612904,
    "macro_f1": 0.6298819527811125
}