{
    "accuracy": 0.9723291626564003,
    "macro_f1": 0.9038985684920255
}