{
    "accuracy": 0.7088607594936709,
    "macro_f1": 0.527448510051671
}