{
    "accuracy": 0.8884120171673819,
    "macro_f1": 0.8101709838557104
}