{
    "accuracy": 0.9836123975774849,
    "macro_f1": 0.6261371280475637
}