{
    "accuracy": 0.9546165884194053,
    "macro_f1": 0.9167370596693027
}