{
    "6": {
        "acc": 0.8817966903073287,
        "f1": 0.5554879748461711
    },
    "2": {
        "acc": 0.839142091152815,
        "f1": 0.7996525484305866
    },
    "8": {
        "acc": 0.8899297423887588,
        "f1": 0.6946800421800422
    },
    "3": {
        "acc": 0.8602150537634409,
        "f1": 0.7270555853075277
    },
    "5": {
        "acc": 0.9404052443384983,
        "f1": 0.7765987748155876
    },
    "7": {
        "acc": 0.8927038626609443,
        "f1": 0.8286804833663902
    },
    "9": {
        "acc": 0.822884012539185,
        "f1": 0.6019623089832341
    },
    "0": {
        "acc": 0.8505747126436781,
        "f1": 0.5418450054108969
    },
    "4": {
        "acc": 0.8186813186813187,
        "f1": 0.630557986787759
    },
    "1": {
        "acc": 0.9039301310043668,
        "f1": 0.7863234864770395
    },
    "avg": {
        "accuracy": 0.8700262859480334,
        "f1_score": 0.6942844196605235
    }
}