{
    "6": {
        "accuracy": 0.8865248226950354,
        "macro_f1": 0.5696501735446176
    },
    "2": {
        "accuracy": 0.8310991957104558,
        "macro_f1": 0.7996561179283229
    },
    "8": {
        "accuracy": 0.8337236533957846,
        "macro_f1": 0.5998842839851155
    },
    "3": {
        "accuracy": 0.8405017921146953,
        "macro_f1": 0.6925709176616267
    },
    "5": {
        "accuracy": 0.9344457687723481,
        "macro_f1": 0.7734785893132802
    },
    "7": {
        "accuracy": 0.8733905579399142,
        "macro_f1": 0.7825505816400171
    },
    "9": {
        "accuracy": 0.8150470219435737,
        "macro_f1": 0.6179490299887442
    },
    "0": {
        "accuracy": 0.8528735632183908,
        "macro_f1": 0.525696040485835
    },
    "4": {
        "accuracy": 0.8241758241758241,
        "macro_f1": 0.7279735541442967
    },
    "1": {
        "accuracy": 0.888646288209607,
        "macro_f1": 0.7105218700735283
    },
    "avg": {
        "accuracy": 0.8580428488175629,
        "f1_score": 0.6799931158765384
    }
}