{
    "accuracy": 0.8959810874704491,
    "macro_f1": 0.7489504170372167
}