{
    "accuracy": 0.9673532841041586,
    "macro_f1": 0.43894207165600807
}