{
    "accuracy": 0.9800288739172281,
    "macro_f1": 0.9294436972985135
}