{
    "jruby-1": {
        "accuracy": 0.658695652173913,
        "macro_f1": 0.483013013013013
    },
    "sql12": {
        "accuracy": 0.7432432432432432,
        "macro_f1": 0.6947817666182472
    },
    "jfreechart-1": {
        "accuracy": 0.6018518518518519,
        "macro_f1": 0.4924513665115169
    },
    "emf-2": {
        "accuracy": 0.7283950617283951,
        "macro_f1": 0.5705781670819804
    },
    "jEdit-4": {
        "accuracy": 0.7649572649572649,
        "macro_f1": 0.576101076445904
    },
    "apache-jmeter-2": {
        "accuracy": 0.680379746835443,
        "macro_f1": 0.4891802144586648
    },
    "columba-1": {
        "accuracy": 0.7,
        "macro_f1": 0.6803423004448119
    },
    "apache-ant-1": {
        "accuracy": 0.7419354838709677,
        "macro_f1": 0.4695616466481881
    },
    "hibernate-distribution-3": {
        "accuracy": 0.7429245283018868,
        "macro_f1": 0.5860184977996569
    },
    "argouml": {
        "accuracy": 0.6619841966637401,
        "macro_f1": 0.44002772796074685
    },
    "avg": {
        "accuracy": 0.7024367029626706,
        "f1_score": 0.5482055776982729
    }
}