{
    "accuracy": 0.8131868131868132,
    "macro_f1": 0.617757987114259
}