{
    "6": {
        "accuracy": 0.8959810874704491,
        "macro_f1": 0.72966597974041
    },
    "2": {
        "accuracy": 0.8230563002680965,
        "macro_f1": 0.7456192146730415
    },
    "8": {
        "accuracy": 0.9180327868852459,
        "macro_f1": 0.7657927115185968
    },
    "3": {
        "accuracy": 0.8440860215053764,
        "macro_f1": 0.6510909725195438
    },
    "5": {
        "accuracy": 0.9284862932061978,
        "macro_f1": 0.7583892699555532
    },
    "7": {
        "accuracy": 0.9034334763948498,
        "macro_f1": 0.8383349557786852
    },
    "9": {
        "accuracy": 0.8573667711598746,
        "macro_f1": 0.6941247438245903
    },
    "0": {
        "accuracy": 0.8827586206896552,
        "macro_f1": 0.6618522055277171
    },
    "4": {
        "accuracy": 0.8214285714285714,
        "macro_f1": 0.6946370793396398
    },
    "1": {
        "accuracy": 0.888646288209607,
        "macro_f1": 0.7352120025896509
    },
    "avg": {
        "accuracy": 0.8763276217217923,
        "f1_score": 0.7274719135467429
    }
}