{
    "accuracy": 0.7753164556962026,
    "macro_f1": 0.5971598175932542
}