{
    "accuracy": 0.9264475743348983,
    "macro_f1": 0.513980239829226
}