{
    "accuracy": 0.9141630901287554,
    "macro_f1": 0.8469842387133104
}