{
    "accuracy": 0.9843249020306377,
    "macro_f1": 0.8293201994405934
}