{
    "jruby-1": {
        "accuracy": 0.9401686874011598,
        "macro_f1": 0.5409430492039616
    },
    "sql12": {
        "accuracy": 0.9733499895898396,
        "macro_f1": 0.46473452632394974
    },
    "jfreechart-1": {
        "accuracy": 0.967741935483871,
        "macro_f1": 0.45036445036445033
    },
    "emf-2": {
        "accuracy": 0.9832561453509084,
        "macro_f1": 0.687794951384993
    },
    "jEdit-4": {
        "accuracy": 0.9708183548318884,
        "macro_f1": 0.5857991296932059
    },
    "apache-jmeter-2": {
        "accuracy": 0.958614051973051,
        "macro_f1": 0.5254108809659604
    },
    "columba-1": {
        "accuracy": 0.9770664118490205,
        "macro_f1": 0.6562253889047792
    },
    "apache-ant-1": {
        "accuracy": 0.9686995805098418,
        "macro_f1": 0.3660446101149186
    },
    "hibernate-distribution-3": {
        "accuracy": 0.9237089201877934,
        "macro_f1": 0.6261290729931156
    },
    "argouml": {
        "accuracy": 0.8832195472511678,
        "macro_f1": 0.47534770433941986
    },
    "avg": {
        "accuracy": 0.9546643624428542,
        "f1_score": 0.5378793764288754
    }
}