{
    "jruby-1": {
        "accuracy": 0.9746968898260411,
        "macro_f1": 0.9426557968618634
    },
    "sql12": {
        "accuracy": 0.9825109306683323,
        "macro_f1": 0.9003942241033673
    },
    "jfreechart-1": {
        "accuracy": 0.9813447337738049,
        "macro_f1": 0.8916677192539262
    },
    "emf-2": {
        "accuracy": 0.9864624153900962,
        "macro_f1": 0.8681455879589799
    },
    "jEdit-4": {
        "accuracy": 0.9750475787692958,
        "macro_f1": 0.8581393291424224
    },
    "apache-jmeter-2": {
        "accuracy": 0.9800288739172281,
        "macro_f1": 0.9294436972985135
    },
    "columba-1": {
        "accuracy": 0.9899665551839465,
        "macro_f1": 0.9341350476532997
    },
    "apache-ant-1": {
        "accuracy": 0.9699903194578896,
        "macro_f1": 0.8230583396006323
    },
    "hibernate-distribution-3": {
        "accuracy": 0.9561815336463224,
        "macro_f1": 0.9181746152430191
    },
    "argouml": {
        "accuracy": 0.9507725476104922,
        "macro_f1": 0.9285940899202321
    },
    "avg": {
        "accuracy": 0.9747002378243449,
        "f1_score": 0.8994408447036255
    }
}