{
    "accuracy": 0.8665105386416861,
    "macro_f1": 0.6680736361516176
}