{
    "accuracy": 0.9561815336463224,
    "macro_f1": 0.9181746152430191
}