{
    "accuracy": 0.9770695685969685,
    "macro_f1": 0.8673860800241804
}