{
    "accuracy": 0.8683385579937304,
    "macro_f1": 0.7179150417557078
}