{
    "accuracy": 0.7612612612612613,
    "macro_f1": 0.5169207804388317
}