{
    "accuracy": 0.8620689655172413,
    "macro_f1": 0.8232864483528936
}