{
    "jruby-1": {
        "accuracy": 0.6978260869565217,
        "macro_f1": 0.481999586318422
    },
    "sql12": {
        "accuracy": 0.7837837837837838,
        "macro_f1": 0.7642348936466583
    },
    "jfreechart-1": {
        "accuracy": 0.6018518518518519,
        "macro_f1": 0.6290427054304436
    },
    "emf-2": {
        "accuracy": 0.7901234567901234,
        "macro_f1": 0.6973176673603004
    },
    "jEdit-4": {
        "accuracy": 0.8461538461538461,
        "macro_f1": 0.6867155777039498
    },
    "apache-jmeter-2": {
        "accuracy": 0.759493670886076,
        "macro_f1": 0.5603449370976967
    },
    "columba-1": {
        "accuracy": 0.64375,
        "macro_f1": 0.5431238631696298
    },
    "apache-ant-1": {
        "accuracy": 0.7741935483870968,
        "macro_f1": 0.5884092405831536
    },
    "hibernate-distribution-3": {
        "accuracy": 0.7382075471698113,
        "macro_f1": 0.4505980430202905
    },
    "argouml": {
        "accuracy": 0.6391571553994733,
        "macro_f1": 0.3985966657109598
    },
    "avg": {
        "accuracy": 0.7274540947378585,
        "f1_score": 0.5800383180041505
    }
}