{
    "accuracy": 0.8794326241134752,
    "macro_f1": 0.7170132213529358
}