{
    "accuracy": 0.8927038626609443,
    "macro_f1": 0.8328221522475304
}