{
    "accuracy": 0.8896551724137931,
    "macro_f1": 0.6675922384234675
}