{
    "accuracy": 0.9680693592725735,
    "macro_f1": 0.49177203039268624
}