{
    "accuracy": 0.972932966800592,
    "macro_f1": 0.5991131788974962
}