{
    "accuracy": 0.882903981264637,
    "macro_f1": 0.6615178683712862
}