{
    "accuracy": 0.892271662763466,
    "macro_f1": 0.7200013606579062
}