{
    "accuracy": 0.8413793103448276,
    "macro_f1": 0.49809200295074185
}