{
    "accuracy": 0.9284862932061978,
    "macro_f1": 0.7583892699555532
}