{
    "jruby-1": {
        "accuracy": 0.9417501317870322,
        "macro_f1": 0.4842754504799722
    },
    "sql12": {
        "accuracy": 0.9777222569227566,
        "macro_f1": 0.5393851051159577
    },
    "jfreechart-1": {
        "accuracy": 0.9669646327244462,
        "macro_f1": 0.46031554765622146
    },
    "emf-2": {
        "accuracy": 0.98111863199145,
        "macro_f1": 0.38787792173497204
    },
    "jEdit-4": {
        "accuracy": 0.9735673503912032,
        "macro_f1": 0.5205348725117288
    },
    "apache-jmeter-2": {
        "accuracy": 0.9660731472569779,
        "macro_f1": 0.6310224329239897
    },
    "columba-1": {
        "accuracy": 0.9730052556139512,
        "macro_f1": 0.5633218804352913
    },
    "apache-ant-1": {
        "accuracy": 0.9645046789286866,
        "macro_f1": 0.4222170529913388
    },
    "hibernate-distribution-3": {
        "accuracy": 0.9264475743348983,
        "macro_f1": 0.513980239829226
    },
    "argouml": {
        "accuracy": 0.8819619116061804,
        "macro_f1": 0.3894692422101313
    },
    "avg": {
        "accuracy": 0.9553115571557583,
        "f1_score": 0.49123997458888297
    }
}