{
    "accuracy": 0.9039812646370023,
    "macro_f1": 0.7756452759617316
}