{
    "6": {
        "EMR": 0.3176470588235294,
        "f1": 0.3490196078431373
    },
    "2": {
        "EMR": 0.46601941747572817,
        "f1": 0.5372168284789642
    },
    "8": {
        "EMR": 0.3888888888888889,
        "f1": 0.4506172839506173
    },
    "3": {
        "EMR": 0.41739130434782606,
        "f1": 0.48115942028985503
    },
    "5": {
        "EMR": 0.4628099173553719,
        "f1": 0.48347107438016523
    },
    "7": {
        "EMR": 0.36363636363636365,
        "f1": 0.41212121212121205
    },
    "9": {
        "EMR": 0.291044776119403,
        "f1": 0.33582089552238803
    },
    "0": {
        "EMR": 0.4387755102040816,
        "f1": 0.5051020408163265
    },
    "4": {
        "EMR": 0.40860215053763443,
        "f1": 0.45161290322580644
    },
    "1": {
        "EMR": 0.2727272727272727,
        "f1": 0.340909090909091
    },
    "avg": {
        "accuracy": 0.38275426601161,
        "f1_score": 0.43470503575375624
    }
}