{
    "accuracy": 0.8257372654155496,
    "macro_f1": 0.7546621711200299
}