{
    "accuracy": 0.9615014436958614,
    "macro_f1": 0.48674220605884755
}