{
    "accuracy": 0.8526645768025078,
    "macro_f1": 0.6820158709368335
}