{
    "accuracy": 0.8884120171673819,
    "macro_f1": 0.8031806414574237
}