{
    "accuracy": 0.8505747126436781,
    "macro_f1": 0.5372016011156747
}