{
    "accuracy": 0.9585289514866979,
    "macro_f1": 0.9225581179978575
}