{
    "accuracy": 0.8471849865951743,
    "macro_f1": 0.7488572408480875
}