{
    "accuracy": 0.9812319538017324,
    "macro_f1": 0.9305825729211904
}