{
    "accuracy": 0.8213166144200627,
    "macro_f1": 0.5793156217649752
}