{
    "accuracy": 0.8597701149425288,
    "macro_f1": 0.7902249121467779
}