{
    "6": {
        "accuracy": 0.8959810874704491,
        "macro_f1": 0.7187963655832642
    },
    "2": {
        "accuracy": 0.8150134048257373,
        "macro_f1": 0.7195458567117822
    },
    "8": {
        "accuracy": 0.9086651053864169,
        "macro_f1": 0.7598578366572157
    },
    "3": {
        "accuracy": 0.8655913978494624,
        "macro_f1": 0.7734135316754872
    },
    "5": {
        "accuracy": 0.9249106078665077,
        "macro_f1": 0.7494190321974089
    },
    "7": {
        "accuracy": 0.8969957081545065,
        "macro_f1": 0.8207515874540965
    },
    "9": {
        "accuracy": 0.8510971786833855,
        "macro_f1": 0.6533888507131351
    },
    "0": {
        "accuracy": 0.864367816091954,
        "macro_f1": 0.5534882182876363
    },
    "4": {
        "accuracy": 0.8379120879120879,
        "macro_f1": 0.7203974966468198
    },
    "1": {
        "accuracy": 0.8842794759825328,
        "macro_f1": 0.7232045641504296
    },
    "avg": {
        "accuracy": 0.8744813870223039,
        "f1_score": 0.7192263340077275
    }
}