{
    "accuracy": 0.899641577060932,
    "macro_f1": 0.769251862953427
}