{
    "accuracy": 0.9850374064837906,
    "macro_f1": 0.8482749567580924
}