{
    "accuracy": 0.9486166007905138,
    "macro_f1": 0.9252929944149347
}