{
    "accuracy": 0.630377524143986,
    "macro_f1": 0.3396122491058879
}