{
    "accuracy": 0.8076923076923077,
    "macro_f1": 0.6840053493547593
}