{
    "6": {
        "accuracy": 0.8912529550827423,
        "macro_f1": 0.7184342334494773
    },
    "2": {
        "accuracy": 0.8096514745308311,
        "macro_f1": 0.730708127482321
    },
    "8": {
        "accuracy": 0.9086651053864169,
        "macro_f1": 0.7357080003981551
    },
    "3": {
        "accuracy": 0.8888888888888888,
        "macro_f1": 0.7564397180531581
    },
    "5": {
        "accuracy": 0.9249106078665077,
        "macro_f1": 0.7339214770314534
    },
    "7": {
        "accuracy": 0.9012875536480687,
        "macro_f1": 0.8468472287662471
    },
    "9": {
        "accuracy": 0.8620689655172413,
        "macro_f1": 0.7198202002354419
    },
    "0": {
        "accuracy": 0.8620689655172413,
        "macro_f1": 0.5680133462995202
    },
    "4": {
        "accuracy": 0.7967032967032966,
        "macro_f1": 0.6301968965491194
    },
    "1": {
        "accuracy": 0.8864628820960698,
        "macro_f1": 0.7136382980464689
    },
    "avg": {
        "accuracy": 0.8731960695237305,
        "f1_score": 0.7153727526311362
    }
}