{
    "accuracy": 0.9750475787692958,
    "macro_f1": 0.8581393291424224
}