{
    "accuracy": 0.8959810874704491,
    "macro_f1": 0.6767201922899675
}