{
    "jruby-1": {
        "accuracy": 0.9296257248286769,
        "macro_f1": 0.46490391230985423
    },
    "sql12": {
        "accuracy": 0.9741828024151572,
        "macro_f1": 0.6504607066898463
    },
    "tesoro_as_extra_data": {
        "accuracy": 0.8410424982390232,
        "macro_f1": 0.582154376997605
    },
    "jfreechart-1": {
        "accuracy": 0.9654100272055965,
        "macro_f1": 0.5591037504798972
    },
    "emf-2": {
        "accuracy": 0.9821873886711792,
        "macro_f1": 0.5584928887677079
    },
    "jEdit-4": {
        "accuracy": 0.972932966800592,
        "macro_f1": 0.5991131788974962
    },
    "apache-jmeter-2": {
        "accuracy": 0.960538979788258,
        "macro_f1": 0.5725990110813847
    },
    "columba-1": {
        "accuracy": 0.9789775441949355,
        "macro_f1": 0.7695438187854117
    },
    "apache-ant-1": {
        "accuracy": 0.9648273636656987,
        "macro_f1": 0.440978787603956
    },
    "hibernate-distribution-3": {
        "accuracy": 0.9268388106416275,
        "macro_f1": 0.45204411558734114
    },
    "argouml": {
        "accuracy": 0.8877111031261229,
        "macro_f1": 0.6057608428003057
    },
    "avg": {
        "accuracy": 0.9440250190524423,
        "f1_score": 0.5686504900000733
    }
}