{
    "6": {
        "accuracy": 0.8770685579196218,
        "macro_f1": 0.578144834300785
    },
    "2": {
        "accuracy": 0.806970509383378,
        "macro_f1": 0.6987764898723802
    },
    "8": {
        "accuracy": 0.8875878220140515,
        "macro_f1": 0.6936580026021294
    },
    "3": {
        "accuracy": 0.8691756272401434,
        "macro_f1": 0.7154844420901872
    },
    "5": {
        "accuracy": 0.9344457687723481,
        "macro_f1": 0.7606807920993465
    },
    "7": {
        "accuracy": 0.8798283261802575,
        "macro_f1": 0.7842283483631234
    },
    "9": {
        "accuracy": 0.8683385579937304,
        "macro_f1": 0.7179150417557078
    },
    "0": {
        "accuracy": 0.8482758620689655,
        "macro_f1": 0.5279153163595751
    },
    "4": {
        "accuracy": 0.8021978021978022,
        "macro_f1": 0.6083136980739822
    },
    "1": {
        "accuracy": 0.8951965065502183,
        "macro_f1": 0.6380820570859662
    },
    "avg": {
        "accuracy": 0.8669085340320517,
        "f1_score": 0.6723199022603182
    }
}