{
    "accuracy": 0.7882882882882883,
    "macro_f1": 0.7353179328411527
}