{
    "accuracy": 0.6203703703703703,
    "macro_f1": 0.6129951690821256
}