{
    "accuracy": 0.64375,
    "macro_f1": 0.5431238631696298
}