{
    "6": {
        "accuracy": 0.8888888888888888,
        "macro_f1": 0.6705378534481751
    },
    "2": {
        "accuracy": 0.8176943699731903,
        "macro_f1": 0.7349626236017553
    },
    "8": {
        "accuracy": 0.8969555035128806,
        "macro_f1": 0.6894151839436136
    },
    "3": {
        "accuracy": 0.8691756272401434,
        "macro_f1": 0.7134970345728261
    },
    "5": {
        "accuracy": 0.8974970202622169,
        "macro_f1": 0.7168112775615576
    },
    "7": {
        "accuracy": 0.8948497854077253,
        "macro_f1": 0.8423143619247515
    },
    "9": {
        "accuracy": 0.841692789968652,
        "macro_f1": 0.6513343290470744
    },
    "0": {
        "accuracy": 0.8597701149425288,
        "macro_f1": 0.5860270953901656
    },
    "4": {
        "accuracy": 0.8351648351648352,
        "macro_f1": 0.7304432579032122
    },
    "1": {
        "accuracy": 0.8820960698689956,
        "macro_f1": 0.7573438568353098
    },
    "avg": {
        "accuracy": 0.8683785005230057,
        "f1_score": 0.7092686874228441
    }
}