{
    "accuracy": 0.7908847184986595,
    "macro_f1": 0.7295446925659356
}