{
    "accuracy": 0.8655913978494624,
    "macro_f1": 0.7734135316754872
}