{
    "6": {
        "accuracy": 0.8865248226950354,
        "macro_f1": 0.6147391266339032
    },
    "2": {
        "accuracy": 0.8445040214477212,
        "macro_f1": 0.772832992481565
    },
    "8": {
        "accuracy": 0.9156908665105387,
        "macro_f1": 0.7615017539827699
    },
    "3": {
        "accuracy": 0.8548387096774194,
        "macro_f1": 0.7271319739300549
    },
    "5": {
        "accuracy": 0.9261025029797377,
        "macro_f1": 0.7393723898261185
    },
    "7": {
        "accuracy": 0.9055793991416309,
        "macro_f1": 0.836702136223549
    },
    "9": {
        "accuracy": 0.8557993730407524,
        "macro_f1": 0.6549041289320049
    },
    "0": {
        "accuracy": 0.9218390804597701,
        "macro_f1": 0.711922411243294
    },
    "4": {
        "accuracy": 0.8186813186813187,
        "macro_f1": 0.6895828012352961
    },
    "1": {
        "accuracy": 0.888646288209607,
        "macro_f1": 0.766444824164672
    },
    "avg": {
        "accuracy": 0.8818206382843531,
        "f1_score": 0.7275134538653228
    }
}