{
    "accuracy": 0.9261025029797377,
    "macro_f1": 0.7329535628738113
}