{
    "accuracy": 0.7407407407407407,
    "macro_f1": 0.5452477629896985
}