{
    "accuracy": 0.8024691358024691,
    "macro_f1": 0.4845610119047619
}