{
    "accuracy": 0.9801787796346677,
    "macro_f1": 0.8889920946108848
}