{
    "accuracy": 0.9493352497305066,
    "macro_f1": 0.9269323671497585
}