{
    "accuracy": 0.8758782201405152,
    "macro_f1": 0.6628979204191211
}