{
    "accuracy": 0.8673835125448028,
    "macro_f1": 0.7325046280259517
}