{
    "accuracy": 0.8620689655172413,
    "macro_f1": 0.5680133462995202
}