{
    "accuracy": 0.8150470219435737,
    "macro_f1": 0.6179490299887442
}