{
    "accuracy": 0.8385579937304075,
    "macro_f1": 0.6381776589331479
}