{
    "jruby-1": {
        "accuracy": 0.933579335793358,
        "macro_f1": 0.5086422862102387
    },
    "sql12": {
        "accuracy": 0.9673120966062877,
        "macro_f1": 0.48877396572378684
    },
    "tesoro_as_extra_data": {
        "accuracy": 0.8330594036158723,
        "macro_f1": 0.48364305886177333
    },
    "jfreechart-1": {
        "accuracy": 0.9642440730664594,
        "macro_f1": 0.4276809487626868
    },
    "emf-2": {
        "accuracy": 0.9836123975774849,
        "macro_f1": 0.6261371280475637
    },
    "jEdit-4": {
        "accuracy": 0.9712412772256291,
        "macro_f1": 0.5850745476405599
    },
    "apache-jmeter-2": {
        "accuracy": 0.9660731472569779,
        "macro_f1": 0.6298155188382905
    },
    "columba-1": {
        "accuracy": 0.9744386048733875,
        "macro_f1": 0.5545125718281968
    },
    "apache-ant-1": {
        "accuracy": 0.9648273636656987,
        "macro_f1": 0.4776409649051159
    },
    "hibernate-distribution-3": {
        "accuracy": 0.9303599374021909,
        "macro_f1": 0.5006399487963925
    },
    "argouml": {
        "accuracy": 0.8923823212360762,
        "macro_f1": 0.5322091712086056
    },
    "avg": {
        "accuracy": 0.9437390871199475,
        "f1_score": 0.5286154646202919
    }
}