{
    "accuracy": 0.8920229967660798,
    "macro_f1": 0.5202537725496992
}