{
    "accuracy": 0.8566308243727598,
    "macro_f1": 0.7207350595790109
}