{
    "6": {
        "EMR": 0.35294117647058826,
        "f1": 0.38431372549019616
    },
    "2": {
        "EMR": 0.4077669902912621,
        "f1": 0.44498381877022647
    },
    "8": {
        "EMR": 0.3611111111111111,
        "f1": 0.4104938271604939
    },
    "3": {
        "EMR": 0.48695652173913045,
        "f1": 0.5101449275362319
    },
    "5": {
        "EMR": 0.4793388429752066,
        "f1": 0.512396694214876
    },
    "7": {
        "EMR": 0.3090909090909091,
        "f1": 0.34545454545454546
    },
    "9": {
        "EMR": 0.30597014925373134,
        "f1": 0.3507462686567163
    },
    "0": {
        "EMR": 0.42857142857142855,
        "f1": 0.44217687074829926
    },
    "4": {
        "EMR": 0.3870967741935484,
        "f1": 0.43010752688172044
    },
    "1": {
        "EMR": 0.2727272727272727,
        "f1": 0.32575757575757575
    },
    "avg": {
        "accuracy": 0.37915711764241883,
        "f1_score": 0.4156575780670882
    }
}