{
    "accuracy": 0.9141630901287554,
    "macro_f1": 0.8683209634121187
}