{
    "accuracy": 0.8620689655172413,
    "macro_f1": 0.6903254030312951
}