{
    "accuracy": 0.9039812646370023,
    "macro_f1": 0.7061238609661148
}