{
    "6": {
        "accuracy": 0.8865248226950354,
        "macro_f1": 0.5606510823011179
    },
    "2": {
        "accuracy": 0.8150134048257373,
        "macro_f1": 0.7384844690376097
    },
    "8": {
        "accuracy": 0.8758782201405152,
        "macro_f1": 0.6902632676780261
    },
    "3": {
        "accuracy": 0.8566308243727598,
        "macro_f1": 0.7207350595790109
    },
    "5": {
        "accuracy": 0.9272943980929678,
        "macro_f1": 0.7465045435770343
    },
    "7": {
        "accuracy": 0.8776824034334764,
        "macro_f1": 0.7855855763074308
    },
    "9": {
        "accuracy": 0.8463949843260188,
        "macro_f1": 0.621688357163925
    },
    "0": {
        "accuracy": 0.871264367816092,
        "macro_f1": 0.580414743128052
    },
    "4": {
        "accuracy": 0.8104395604395604,
        "macro_f1": 0.5886088714911739
    },
    "1": {
        "accuracy": 0.8951965065502183,
        "macro_f1": 0.7953331964158806
    },
    "avg": {
        "accuracy": 0.8662319492692381,
        "f1_score": 0.6828269166679262
    }
}