{
    "accuracy": 0.98111863199145,
    "macro_f1": 0.38787792173497204
}