{
    "accuracy": 0.6481481481481481,
    "macro_f1": 0.623260461902882
}