{
    "accuracy": 0.8459770114942529,
    "macro_f1": 0.5258364686286313
}