{
    "accuracy": 0.8351648351648352,
    "macro_f1": 0.7304432579032122
}