{
    "accuracy": 0.7927927927927928,
    "macro_f1": 0.691617048425796
}