{
    "accuracy": 0.900709219858156,
    "macro_f1": 0.7162280373746442
}