{
    "accuracy": 0.9249106078665077,
    "macro_f1": 0.7494190321974089
}