{
    "accuracy": 0.9039812646370023,
    "macro_f1": 0.7475910821586343
}