{
    "accuracy": 0.8422939068100358,
    "macro_f1": 0.6809616567390083
}