{
    "accuracy": 0.9770664118490205,
    "macro_f1": 0.6562253889047792
}