{
    "accuracy": 0.8908296943231441,
    "macro_f1": 0.6146649356915225
}