{
    "accuracy": 0.8448275862068966,
    "macro_f1": 0.6927576967479713
}