{
    "6": {
        "accuracy": 0.8794326241134752,
        "macro_f1": 0.7170132213529358
    },
    "2": {
        "accuracy": 0.8337801608579088,
        "macro_f1": 0.7717627363175308
    },
    "8": {
        "accuracy": 0.892271662763466,
        "macro_f1": 0.6621564002364607
    },
    "3": {
        "accuracy": 0.8584229390681004,
        "macro_f1": 0.6957009816938654
    },
    "5": {
        "accuracy": 0.9261025029797377,
        "macro_f1": 0.7329535628738113
    },
    "7": {
        "accuracy": 0.9034334763948498,
        "macro_f1": 0.8354353223052996
    },
    "9": {
        "accuracy": 0.8322884012539185,
        "macro_f1": 0.6777607457487499
    },
    "0": {
        "accuracy": 0.8367816091954023,
        "macro_f1": 0.5376142246549184
    },
    "4": {
        "accuracy": 0.8021978021978022,
        "macro_f1": 0.6666158806997565
    },
    "1": {
        "accuracy": 0.8908296943231441,
        "macro_f1": 0.7646211858932978
    },
    "avg": {
        "accuracy": 0.8655540873147805,
        "f1_score": 0.7061634261776627
    }
}