{
    "accuracy": 0.63125,
    "macro_f1": 0.5240370706487363
}