{
    "accuracy": 0.933253873659118,
    "macro_f1": 0.7584219339074698
}