{
    "accuracy": 0.9778468713563934,
    "macro_f1": 0.8675418275418276
}