{
    "accuracy": 0.8459770114942529,
    "macro_f1": 0.7403273009400407
}