{
    "accuracy": 0.8959810874704491,
    "macro_f1": 0.6827922077922078
}