{
    "accuracy": 0.8461538461538461,
    "macro_f1": 0.6867155777039498
}