{
    "accuracy": 0.9632237871674492,
    "macro_f1": 0.931866673472513
}