{
    "accuracy": 0.9787632729544035,
    "macro_f1": 0.8840329617888674
}