{
    "accuracy": 0.8584229390681004,
    "macro_f1": 0.6957009816938654
}