{
    "accuracy": 0.9899665551839465,
    "macro_f1": 0.9356207522849778
}