{
    "6": {
        "accuracy": 0.8865248226950354,
        "macro_f1": 0.5225064304663809
    },
    "2": {
        "accuracy": 0.8471849865951743,
        "macro_f1": 0.7488572408480875
    },
    "8": {
        "accuracy": 0.9110070257611241,
        "macro_f1": 0.7875719493816913
    },
    "3": {
        "accuracy": 0.8799283154121864,
        "macro_f1": 0.74905357865744
    },
    "5": {
        "accuracy": 0.9237187127532777,
        "macro_f1": 0.7528004462375452
    },
    "7": {
        "accuracy": 0.8905579399141631,
        "macro_f1": 0.8179798120050945
    },
    "9": {
        "accuracy": 0.8636363636363636,
        "macro_f1": 0.6740119612897969
    },
    "0": {
        "accuracy": 0.8896551724137931,
        "macro_f1": 0.6612344075601884
    },
    "4": {
        "accuracy": 0.8406593406593407,
        "macro_f1": 0.7410713859012316
    },
    "1": {
        "accuracy": 0.8820960698689956,
        "macro_f1": 0.7525664811379097
    },
    "avg": {
        "accuracy": 0.8814968749709454,
        "f1_score": 0.7207653693485366
    }
}