{
    "accuracy": 0.8530465949820788,
    "macro_f1": 0.7306585484759921
}