{
    "accuracy": 0.9861061631635197,
    "macro_f1": 0.8619516900902264
}