{
    "accuracy": 0.8021978021978022,
    "macro_f1": 0.6666158806997565
}