{
    "accuracy": 0.9741828024151572,
    "macro_f1": 0.6504607066898463
}