{
    "accuracy": 0.7216981132075472,
    "macro_f1": 0.43602701924442466
}