{
    "accuracy": 0.6978260869565217,
    "macro_f1": 0.481999586318422
}