{
    "6": {
        "accuracy": 0.9078014184397163,
        "macro_f1": 0.7024250765837601
    },
    "2": {
        "accuracy": 0.8257372654155496,
        "macro_f1": 0.7625491703073948
    },
    "8": {
        "accuracy": 0.8946135831381733,
        "macro_f1": 0.757156628014251
    },
    "3": {
        "accuracy": 0.8888888888888888,
        "macro_f1": 0.7503463478635103
    },
    "5": {
        "accuracy": 0.9261025029797377,
        "macro_f1": 0.7398249898249899
    },
    "7": {
        "accuracy": 0.8884120171673819,
        "macro_f1": 0.8246776132082863
    },
    "9": {
        "accuracy": 0.8510971786833855,
        "macro_f1": 0.674717105864647
    },
    "0": {
        "accuracy": 0.8459770114942529,
        "macro_f1": 0.7403273009400407
    },
    "4": {
        "accuracy": 0.8214285714285714,
        "macro_f1": 0.7078900707561143
    },
    "1": {
        "accuracy": 0.8799126637554585,
        "macro_f1": 0.768815304704681
    },
    "avg": {
        "accuracy": 0.8729971101391115,
        "f1_score": 0.7428729608067676
    }
}