{
    "accuracy": 0.9902054467271859,
    "macro_f1": 0.9351411694059325
}