{
    "accuracy": 0.8919540229885058,
    "macro_f1": 0.6663637463794377
}