{
    "accuracy": 0.9070321811680572,
    "macro_f1": 0.6993490280602742
}