{
    "6": {
        "EMR": 0.3023255813953488,
        "f1": 0.32558139534883723
    },
    "2": {
        "EMR": 0.3883495145631068,
        "f1": 0.43365695792880254
    },
    "8": {
        "EMR": 0.3888888888888889,
        "f1": 0.4197530864197531
    },
    "3": {
        "EMR": 0.3706896551724138,
        "f1": 0.410919540229885
    },
    "5": {
        "EMR": 0.47540983606557374,
        "f1": 0.5027322404371585
    },
    "7": {
        "EMR": 0.33636363636363636,
        "f1": 0.3787878787878788
    },
    "9": {
        "EMR": 0.3157894736842105,
        "f1": 0.3408521303258145
    },
    "0": {
        "EMR": 0.40816326530612246,
        "f1": 0.42176870748299317
    },
    "4": {
        "EMR": 0.40860215053763443,
        "f1": 0.4301075268817204
    },
    "1": {
        "EMR": 0.3103448275862069,
        "f1": 0.3409961685823755
    },
    "avg": {
        "accuracy": 0.3704926829563143,
        "f1_score": 0.4005155632425219
    }
}