{
    "accuracy": 0.9017467248908297,
    "macro_f1": 0.7919656028066883
}