{
    "accuracy": 0.9693449499838658,
    "macro_f1": 0.8071798102875422
}