{
    "accuracy": 0.9746774964166268,
    "macro_f1": 0.6693367802230226
}