{
    "accuracy": 0.960538979788258,
    "macro_f1": 0.5725990110813847
}