{
    "accuracy": 0.8284182305630027,
    "macro_f1": 0.7693739324431222
}