{
    "accuracy": 0.9744386048733875,
    "macro_f1": 0.5545125718281968
}