{
    "accuracy": 0.9034334763948498,
    "macro_f1": 0.8354353223052996
}