{
    "accuracy": 0.8597701149425288,
    "macro_f1": 0.6336429061697894
}