{
    "accuracy": 0.9777222569227566,
    "macro_f1": 0.8744719500604898
}