{
    "6": {
        "EMR": 0.3058823529411765,
        "f1": 0.32156862745098036
    },
    "2": {
        "EMR": 0.3883495145631068,
        "f1": 0.4142394822006472
    },
    "8": {
        "EMR": 0.32407407407407407,
        "f1": 0.3672839506172839
    },
    "3": {
        "EMR": 0.3652173913043478,
        "f1": 0.3826086956521739
    },
    "5": {
        "EMR": 0.39669421487603307,
        "f1": 0.42424242424242425
    },
    "7": {
        "EMR": 0.42727272727272725,
        "f1": 0.46363636363636357
    },
    "9": {
        "EMR": 0.2835820895522388,
        "f1": 0.3084577114427861
    },
    "0": {
        "EMR": 0.40816326530612246,
        "f1": 0.43537414965986393
    },
    "4": {
        "EMR": 0.3763440860215054,
        "f1": 0.3978494623655914
    },
    "1": {
        "EMR": 0.26136363636363635,
        "f1": 0.3068181818181819
    },
    "avg": {
        "accuracy": 0.3536943352274968,
        "f1_score": 0.38220790490862966
    }
}