{
    "jruby-1": {
        "accuracy": 0.6434782608695652,
        "macro_f1": 0.4058113633851935
    },
    "sql12": {
        "accuracy": 0.7387387387387387,
        "macro_f1": 0.6078653612235538
    },
    "jfreechart-1": {
        "accuracy": 0.6203703703703703,
        "macro_f1": 0.6129951690821256
    },
    "emf-2": {
        "accuracy": 0.7407407407407407,
        "macro_f1": 0.5452477629896985
    },
    "jEdit-4": {
        "accuracy": 0.8247863247863247,
        "macro_f1": 0.6266143650164269
    },
    "apache-jmeter-2": {
        "accuracy": 0.7151898734177216,
        "macro_f1": 0.5456614727917641
    },
    "columba-1": {
        "accuracy": 0.63125,
        "macro_f1": 0.5240370706487363
    },
    "apache-ant-1": {
        "accuracy": 0.75,
        "macro_f1": 0.5288725864106131
    },
    "hibernate-distribution-3": {
        "accuracy": 0.7358490566037735,
        "macro_f1": 0.4057158265452704
    },
    "argouml": {
        "accuracy": 0.630377524143986,
        "macro_f1": 0.3396122491058879
    },
    "avg": {
        "accuracy": 0.7030780889671221,
        "f1_score": 0.514243322719927
    }
}