{
    "accuracy": 0.9794553272814143,
    "macro_f1": 0.7535326397900152
}