{
    "accuracy": 0.8995633187772926,
    "macro_f1": 0.760106740628677
}