{
    "accuracy": 0.907725321888412,
    "macro_f1": 0.8349981543304557
}