{
    "accuracy": 0.9737663960024985,
    "macro_f1": 0.6970330473235493
}