{
    "6": {
        "accuracy": 0.8936170212765957,
        "macro_f1": 0.6951040161962688
    },
    "2": {
        "accuracy": 0.8203753351206434,
        "macro_f1": 0.7736335388735179
    },
    "8": {
        "accuracy": 0.9039812646370023,
        "macro_f1": 0.7475910821586343
    },
    "3": {
        "accuracy": 0.8637992831541219,
        "macro_f1": 0.7417348165319768
    },
    "5": {
        "accuracy": 0.9249106078665077,
        "macro_f1": 0.7237718089023781
    },
    "7": {
        "accuracy": 0.8927038626609443,
        "macro_f1": 0.8328221522475304
    },
    "9": {
        "accuracy": 0.8589341692789969,
        "macro_f1": 0.7231622660621692
    },
    "0": {
        "accuracy": 0.8597701149425288,
        "macro_f1": 0.7902249121467779
    },
    "4": {
        "accuracy": 0.8324175824175825,
        "macro_f1": 0.6348112299360675
    },
    "1": {
        "accuracy": 0.8908296943231441,
        "macro_f1": 0.757123785572751
    },
    "avg": {
        "accuracy": 0.8741338935678067,
        "f1_score": 0.7419979608628072
    }
}