{
    "6": {
        "EMR": 0.37209302325581395,
        "f1": 0.40310077519379844
    },
    "2": {
        "EMR": 0.4563106796116505,
        "f1": 0.5080906148867314
    },
    "8": {
        "EMR": 0.4166666666666667,
        "f1": 0.4660493827160494
    },
    "3": {
        "EMR": 0.3879310344827586,
        "f1": 0.410919540229885
    },
    "5": {
        "EMR": 0.5702479338842975,
        "f1": 0.6088154269972452
    },
    "7": {
        "EMR": 0.4727272727272727,
        "f1": 0.5151515151515151
    },
    "9": {
        "EMR": 0.3533834586466165,
        "f1": 0.4035087719298245
    },
    "0": {
        "EMR": 0.46938775510204084,
        "f1": 0.4829931972789115
    },
    "4": {
        "EMR": 0.40860215053763443,
        "f1": 0.4444444444444445
    },
    "1": {
        "EMR": 0.3448275862068966,
        "f1": 0.3754789272030652
    },
    "avg": {
        "accuracy": 0.42521775611216484,
        "f1_score": 0.46185525960314705
    }
}