{
    "accuracy": 0.9632139399806389,
    "macro_f1": 0.39574537736551707
}