{
    "accuracy": 0.70625,
    "macro_f1": 0.7692969870875179
}