{
    "accuracy": 0.9504578539563278,
    "macro_f1": 0.9401147433847425
}