{
    "jruby-1": {
        "accuracy": 0.9744333157617291,
        "macro_f1": 0.9420066635496773
    },
    "sql12": {
        "accuracy": 0.9800124921923797,
        "macro_f1": 0.8885617003834099
    },
    "tesoro_as_extra_data": {
        "accuracy": 0.9504578539563278,
        "macro_f1": 0.9401147433847425
    },
    "jfreechart-1": {
        "accuracy": 0.9809560823940925,
        "macro_f1": 0.8898630156133023
    },
    "emf-2": {
        "accuracy": 0.9861061631635197,
        "macro_f1": 0.8637800830959785
    },
    "jEdit-4": {
        "accuracy": 0.9752590399661663,
        "macro_f1": 0.8565199701159447
    },
    "apache-jmeter-2": {
        "accuracy": 0.9764196342637151,
        "macro_f1": 0.9189046690623646
    },
    "columba-1": {
        "accuracy": 0.9899665551839465,
        "macro_f1": 0.9356207522849778
    },
    "apache-ant-1": {
        "accuracy": 0.9706356889319135,
        "macro_f1": 0.8180066948166476
    },
    "hibernate-distribution-3": {
        "accuracy": 0.960093896713615,
        "macro_f1": 0.9267860352264559
    },
    "argouml": {
        "accuracy": 0.9493352497305066,
        "macro_f1": 0.9269323671497585
    },
    "avg": {
        "accuracy": 0.9721523611143555,
        "f1_score": 0.9006451540621145
    }
}