{
    "accuracy": 0.9556234279554437,
    "macro_f1": 0.9348105447251978
}