{
    "accuracy": 0.6851851851851852,
    "macro_f1": 0.6676065162907268
}