{
    "6": {
        "accuracy": 0.8747044917257684,
        "macro_f1": 0.5764724397934143
    },
    "2": {
        "accuracy": 0.8364611260053619,
        "macro_f1": 0.7881177403136248
    },
    "8": {
        "accuracy": 0.9039812646370023,
        "macro_f1": 0.7061238609661148
    },
    "3": {
        "accuracy": 0.8781362007168458,
        "macro_f1": 0.7490543988333411
    },
    "5": {
        "accuracy": 0.930870083432658,
        "macro_f1": 0.732631492947521
    },
    "7": {
        "accuracy": 0.907725321888412,
        "macro_f1": 0.8349981543304557
    },
    "9": {
        "accuracy": 0.8683385579937304,
        "macro_f1": 0.7087480592174864
    },
    "0": {
        "accuracy": 0.8919540229885058,
        "macro_f1": 0.6663637463794377
    },
    "4": {
        "accuracy": 0.8214285714285714,
        "macro_f1": 0.6587604474288206
    },
    "1": {
        "accuracy": 0.9017467248908297,
        "macro_f1": 0.7919656028066883
    },
    "avg": {
        "accuracy": 0.8815346365707686,
        "f1_score": 0.7213235943016905
    }
}