{
    "accuracy": 0.9297423887587822,
    "macro_f1": 0.8505670990838708
}