{
    "accuracy": 0.6574074074074074,
    "macro_f1": 0.6490847961390757
}