{
    "accuracy": 0.8864628820960698,
    "macro_f1": 0.7885698976980252
}