{
    "accuracy": 0.933579335793358,
    "macro_f1": 0.5086422862102387
}