{
    "accuracy": 0.9782355227361057,
    "macro_f1": 0.8714996111669984
}