{
    "accuracy": 0.8636363636363636,
    "macro_f1": 0.6740119612897969
}