{
    "accuracy": 0.8410424982390232,
    "macro_f1": 0.582154376997605
}