{
    "accuracy": 0.8530465949820788,
    "macro_f1": 0.6952465802197573
}