{
    "accuracy": 0.7967032967032966,
    "macro_f1": 0.6610560041780262
}