{
    "accuracy": 0.9733790195044808,
    "macro_f1": 0.9390694299770059
}