{
    "jruby-1": {
        "accuracy": 0.9712704269899842,
        "macro_f1": 0.934948517518138
    },
    "sql12": {
        "accuracy": 0.9787632729544035,
        "macro_f1": 0.8840329617888674
    },
    "tesoro_as_extra_data": {
        "accuracy": 0.9250997886827894,
        "macro_f1": 0.9064405776354567
    },
    "jfreechart-1": {
        "accuracy": 0.9770695685969685,
        "macro_f1": 0.8673860800241804
    },
    "emf-2": {
        "accuracy": 0.9821873886711792,
        "macro_f1": 0.837190040461784
    },
    "jEdit-4": {
        "accuracy": 0.9695495876506661,
        "macro_f1": 0.8155736106597335
    },
    "apache-jmeter-2": {
        "accuracy": 0.9723291626564003,
        "macro_f1": 0.9038985684920255
    },
    "columba-1": {
        "accuracy": 0.9897276636407071,
        "macro_f1": 0.9331457679872381
    },
    "apache-ant-1": {
        "accuracy": 0.9670861568247822,
        "macro_f1": 0.8011011552691853
    },
    "hibernate-distribution-3": {
        "accuracy": 0.9546165884194053,
        "macro_f1": 0.9167370596693027
    },
    "argouml": {
        "accuracy": 0.9486166007905138,
        "macro_f1": 0.9252929944149347
    },
    "avg": {
        "accuracy": 0.9669378368979817,
        "f1_score": 0.8841588485382588
    }
}