{
    "accuracy": 0.9657954178767344,
    "macro_f1": 0.43546352641327835
}