{
    "accuracy": 0.8799283154121864,
    "macro_f1": 0.74905357865744
}