{
    "accuracy": 0.8379120879120879,
    "macro_f1": 0.7203974966468198
}