{
    "accuracy": 0.932061978545888,
    "macro_f1": 0.7559808171617545
}