{
    "accuracy": 0.9699903194578896,
    "macro_f1": 0.8230583396006323
}