{
    "accuracy": 0.9660731472569779,
    "macro_f1": 0.6310224329239897
}