{
    "accuracy": 0.5942812982998454,
    "macro_f1": 0.5194114402423501
}