{
    "accuracy": 0.8781609195402299,
    "macro_f1": 0.657737789460933
}