{
    "accuracy": 0.8230563002680965,
    "macro_f1": 0.7456192146730415
}