{
    "accuracy": 0.6698858647936786,
    "macro_f1": 0.47668847404860354
}