{
    "6": {
        "EMR": 0.3333333333333333,
        "f1": 0.35632183908045983
    },
    "2": {
        "EMR": 0.3300970873786408,
        "f1": 0.34951456310679613
    },
    "8": {
        "EMR": 0.3119266055045872,
        "f1": 0.3470948012232416
    },
    "3": {
        "EMR": 0.3017241379310345,
        "f1": 0.32471264367816094
    },
    "5": {
        "EMR": 0.4715447154471545,
        "f1": 0.47560975609756095
    },
    "7": {
        "EMR": 0.34234234234234234,
        "f1": 0.36036036036036034
    },
    "9": {
        "EMR": 0.362962962962963,
        "f1": 0.38765432098765423
    },
    "0": {
        "EMR": 0.22448979591836735,
        "f1": 0.2585034013605442
    },
    "4": {
        "EMR": 0.2872340425531915,
        "f1": 0.3439716312056738
    },
    "1": {
        "EMR": 0.3,
        "f1": 0.3370370370370371
    },
    "avg": {
        "accuracy": 0.3265655023371614,
        "f1_score": 0.35407803541374894
    }
}