{
    "accuracy": 0.5587326120556414,
    "macro_f1": 0.44141952509167687
}