{
    "accuracy": 0.9322614654717976,
    "macro_f1": 0.5180837467691491
}